closing_speed_km_s,slug_ratio,rho_bag_kg_m3,dissipated_MJ_kg,temp_0_K,rho_freeze_kg_m3,temp_freeze_K,bond_fraction,available_MJ_kg,eta_chem,conducts,ignites
40,0.5,0.323,177.7778,21436.2,2.108128e-02,13117.9,0.999937,482.3957,0.951048,1,1
40,1,0.323,200.0000,22744.6,2.108128e-02,14007.0,0.999955,349.0614,0.934159,1,1
40,2,0.323,177.7778,21436.2,2.108128e-02,13117.9,0.999937,215.7290,0.899435,1,1
40,4,0.323,128.0000,18081.1,2.027515e-02,9282.3,0.999656,109.0767,0.825669,1,1
40,6,0.323,97.9592,15185.4,1.269898e-02,4471.5,0.927534,67.0363,0.765877,1,1
40,8.5,0.323,75.3463,11000.6,1.129718e-02,3977.7,0.796065,43.6583,0.720029,1,0
40,12,0.323,56.8047,5751.1,1.129718e-02,3677.9,0.626485,29.6248,0.693832,0,0
40,16,0.323,44.2907,4881.9,1.269898e-02,3489.0,0.474973,22.8633,0.697026,0,0
40,20,0.323,36.2812,4514.5,1.734731e-02,3418.0,0.380125,18.7313,0.701212,0,0
45.58,0.5,0.323,230.8374,24514.9,2.108128e-02,15003.7,0.999969,641.5728,0.962519,1,1
45.58,1,0.323,259.6920,26201.9,2.108128e-02,15793.5,0.999978,468.4444,0.949696,1,1
45.58,2,0.323,230.8374,24514.9,2.108128e-02,15003.7,0.999969,295.3168,0.923518,1,1
45.58,4,0.323,166.2029,20726.2,2.108128e-02,12557.3,0.999921,156.8168,0.868804,1,1
45.58,6,0.323,127.1961,18017.3,2.027515e-02,9166.9,0.999631,97.4734,0.810462,1,1
45.58,8.5,0.323,97.8341,15169.9,1.269898e-02,4468.0,0.926955,62.1241,0.753759,1,1
45.58,12,0.323,73.7587,10503.2,1.129718e-02,3954.7,0.785528,39.8897,0.706550,1,0
45.58,16,0.323,57.5097,5828.9,1.129718e-02,3690.3,0.634758,28.7689,0.686162,0,0
45.58,20,0.323,47.1097,5030.4,1.269898e-02,3541.0,0.511956,23.3856,0.687583,0,0
50,0.5,0.323,277.7778,27308.3,2.108128e-02,16243.6,0.999982,782.3934,0.968954,1,1
50,1,0.323,312.5000,29622.1,2.463932e-02,17465.5,0.999986,574.0598,0.958382,1,1
50,2,0.323,277.7778,27308.3,2.108128e-02,16243.6,0.999982,365.7267,0.936880,1,1
50,4,0.323,200.0000,22744.6,2.108128e-02,14007.0,0.999955,199.0614,0.892326,1,1
50,6,0.323,153.0612,19881.5,2.108128e-02,11786.1,0.999893,127.6360,0.845436,1,1
50,8.5,0.323,117.7285,17224.3,2.027515e-02,7579.8,0.998824,80.6980,0.783138,1,1
50,12,0.323,88.7574,13898.6,1.086518e-02,4162.8,0.869865,51.8421,0.734274,1,1
50,16,0.323,69.2042,8845.0,1.129718e-02,3887.3,0.752120,35.2157,0.692051,0,0
50,20,0.323,56.6893,5738.9,1.129718e-02,3675.8,0.625122,27.6795,0.681921,0,0
56.53,0.5,0.323,355.0712,32983.2,1.799735e-01,27773.1,0.999992,1014.2731,0.975796,1,1
56.53,1,0.323,399.4551,37096.0,1.799735e-01,30565.6,0.999997,747.9695,0.967594,1,1
56.53,2,0.323,355.0712,32983.2,1.799735e-01,27773.1,0.999992,481.6663,0.950976,1,1
56.53,4,0.323,255.6513,25961.0,2.108128e-02,15688.8,0.999977,268.6244,0.916840,1,1
56.53,6,0.323,195.6515,22492.4,2.108128e-02,13847.5,0.999952,177.3216,0.881385,1,1
56.53,8.5,0.323,150.4872,19709.7,2.108128e-02,11611.1,0.999885,117.2566,0.834962,1,1
56.53,12,0.323,113.4547,16836.1,2.027515e-02,6810.1,0.997491,72.0962,0.765886,1,1
56.53,16,0.323,88.4606,13850.9,1.086518e-02,4157.8,0.868327,49.7561,0.727585,1,1
56.53,20,0.323,72.4635,10063.8,1.129718e-02,3935.9,0.776562,36.5279,0.692880,1,0
61.83,0.5,0.323,424.7721,39412.2,1.799735e-01,32430.8,0.999999,1223.3755,0.979809,1,1
61.83,1,0.323,477.8686,43585.3,1.799735e-01,36682.6,1.000000,904.7964,0.972985,1,1
61.83,2,0.323,424.7721,39412.2,1.799735e-01,32430.8,0.999999,586.2173,0.959192,1,1
61.83,4,0.323,305.8359,29153.4,2.463932e-02,17312.0,0.999986,331.3547,0.930995,1,1
61.83,6,0.323,234.0581,24700.3,2.108128e-02,15097.3,0.999970,222.1284,0.901918,1,1
61.83,8.5,0.323,180.0281,21571.4,2.108128e-02,13217.5,0.999939,150.2701,0.864199,1,1
61.83,12,0.323,135.7260,18671.6,2.108128e-02,10357.3,0.999799,96.1059,0.808467,1,1
61.83,16,0.323,105.8256,16080.5,1.269898e-02,4756.8,0.961321,63.4691,0.751314,1,1
61.83,20,0.323,86.6882,13555.1,1.086518e-02,4128.4,0.859020,47.2633,0.720589,1,1
65.13,0.5,0.323,471.3241,43116.8,1.799735e-01,36170.1,1.000000,1363.0314,0.981821,1,1
65.13,1,0.323,530.2396,47075.5,1.799735e-01,40331.1,1.000000,1009.5383,0.975687,1,1
65.13,2,0.323,471.3241,43116.8,1.799735e-01,36170.1,1.000000,656.0453,0.963300,1,1
65.13,4,0.323,339.3534,31662.5,1.799735e-01,26902.8,0.999990,373.2513,0.938036,1,1
65.13,6,0.323,259.7092,26202.9,2.108128e-02,15794.0,0.999978,252.0543,0.912074,1,1
65.13,8.5,0.323,199.7579,22730.6,2.108128e-02,13998.3,0.999955,172.3202,0.878545,1,1
65.13,12,0.323,150.6006,19717.4,2.108128e-02,11619.0,0.999886,112.2156,0.829339,1,1
65.13,16,0.323,117.4233,17197.3,2.027515e-02,7524.2,0.998765,73.8843,0.769546,1,1
65.13,20,0.323,96.1886,14962.0,1.269898e-02,4423.7,0.919236,54.1713,0.732366,1,1
70,0.5,0.323,544.4444,47982.0,1.799735e-01,41192.0,1.000000,1582.3925,0.984282,1,1
70,1,0.323,612.5000,52425.7,1.799735e-01,44903.6,1.000000,1174.0591,0.978987,1,1
70,2,0.323,544.4444,47982.0,1.799735e-01,41192.0,1.000000,765.7258,0.968310,1,1
70,4,0.323,392.0000,36389.8,1.799735e-01,30055.8,0.999997,439.0593,0.946594,1,1
70,6,0.323,300.0000,28753.6,2.463932e-02,17175.8,0.999985,299.0599,0.924368,1,1
70,8.5,0.323,230.7479,24509.8,2.108128e-02,15001.0,0.999969,206.9554,0.895813,1,1
70,12,0.323,173.9645,21205.1,2.108128e-02,12942.6,0.999932,137.5241,0.854236,1,1
70,16,0.323,135.6401,18665.2,2.108128e-02,10348.3,0.999798,93.1871,0.804117,1,1
70,20,0.323,111.1111,16613.4,1.734731e-02,5864.9,0.992823,66.0914,0.752660,1,1
75,0.5,0.323,625.0000,53296.6,1.799735e-01,45549.1,1.000000,1824.0591,0.986322,1,1
75,1,0.323,703.1250,59451.0,1.799735e-01,49655.6,1.000000,1355.3091,0.981721,1,1
75,2,0.323,625.0000,53296.6,1.799735e-01,45549.1,1.000000,886.5591,0.972452,1,1
75,4,0.323,450.0000,41509.4,1.799735e-01,34449.5,0.999999,511.5592,0.953645,1,1
75,6,0.323,344.3878,32075.0,1.799735e-01,27176.1,0.999991,350.8453,0.934460,1,1
75,8.5,0.323,264.8892,26514.7,2.108128e-02,15925.8,0.999979,245.1128,0.909910,1,1
75,12,0.323,199.7041,22727.5,2.108128e-02,13996.4,0.999955,165.4076,0.874386,1,1
75,16,0.323,155.7093,20055.7,2.108128e-02,11956.7,0.999900,114.5054,0.831938,1,1
75,20,0.323,127.5510,18045.5,2.027515e-02,9218.3,0.999642,83.0059,0.787259,1,1
80,0.5,0.323,711.1111,60151.8,1.799735e-01,50098.5,1.000000,2082.3925,0.987989,1,1
80,1,0.323,800.0000,68106.8,1.799735e-01,55625.7,1.000000,1549.0591,0.983952,1,1
80,2,0.323,711.1111,60151.8,1.799735e-01,50098.5,1.000000,1015.7258,0.975829,1,1
80,4,0.323,512.0000,45897.0,1.799735e-01,39152.9,1.000000,589.0591,0.959377,1,1
80,6,0.323,391.8367,36374.3,1.799735e-01,30044.9,0.999997,406.2021,0.942638,1,1
80,8.5,0.323,301.3850,28847.6,2.463932e-02,17208.3,0.999985,285.9020,0.921288,1,1
80,12,0.323,227.2189,24307.1,2.108128e-02,14896.5,0.999968,195.2146,0.890539,1,1
80,16,0.323,177.1626,21399.1,2.108128e-02,13090.1,0.999936,137.2977,0.854046,1,1
80,20,0.323,145.1247,19344.0,2.108128e-02,11211.9,0.999864,101.4470,0.815933,1,1
