plate_radius,plate_mass_t,d_over_d,l_over_d,r_foot_over_r,rho_impact,e_eff,e_eff_lo,e_eff_hi,eta_capture,focusing_factor,peak_compressive,f,f_lo,f_hi,survives_baseline,survives_relaxed
8.0,9.047786842338605,0.0,0.3,0.3,3.837648126251335,0.6903135303579964,0.6527447714008905,0.7022520459011166,0.9197106661229045,1.0,23223171742.23592,0.7772996914810556,0.7600234973181302,0.7827896815223965,False,False
8.0,9.409698316032149,0.1,0.3,0.3,3.837648126251335,0.6903135303579964,0.6527447714008905,0.7022520459011166,0.9717143552512466,1.151680648019845,26745677481.174416,0.8212509611621395,0.8029979099683426,0.8270513746289595,False,False
8.0,9.862087658149079,0.15,0.3,0.3,3.837648126251335,0.6903135303579964,0.6527447714008905,0.7022520459011166,0.9920376702282916,1.2087966512751571,28072092234.002636,0.8384273483058526,0.8197925362512649,0.8443490768785433,False,False
8.0,9.047786842338605,0.0,0.3,0.5,0.8289319952702883,0.6903135303579964,0.6527447714008905,0.7022520459011166,0.9145438907578087,1.0,5016205096.322959,0.7729329563270847,0.7557538168332978,0.7783921045544235,False,False
8.0,9.409698316032149,0.1,0.3,0.5,0.8289319952702883,0.6903135303579964,0.6527447714008905,0.7022520459011166,0.9783208997317431,1.271431304860563,6377760191.066106,0.826834526924287,0.8084573758919266,0.8326743765580904,False,False
8.0,9.862087658149079,0.15,0.3,0.5,0.8289319952702883,0.6903135303579964,0.6527447714008905,0.7022520459011166,0.9665343472441825,1.6404509398191112,8228838364.588413,0.8168730423512879,0.7987172943935976,0.8226425350150549,False,False
8.0,9.047786842338605,0.0,0.3,0.7,0.302088919559143,0.6903135303579964,0.6527447714008905,0.7022520459011166,0.9067823029115004,1.0,1828063081.7503498,0.7663731978502462,0.7493398549679204,0.7717860151590138,False,False
8.0,9.409698316032149,0.1,0.3,0.7,0.302088919559143,0.6903135303579964,0.6527447714008905,0.7022520459011166,0.9670731286449818,1.7228732275000502,3149520941.7289133,0.817328397097126,0.7991625284651472,0.823101105885957,False,False
8.0,9.862087658149079,0.15,0.3,0.7,0.302088919559143,0.6903135303579964,0.6527447714008905,0.7022520459011166,0.9604570000353636,1.9298353494244838,3527860756.1396847,0.8117367312434128,0.7936951424819161,0.8174699466551233,False,False
8.0,9.047786842338605,0.0,0.6,0.3,1.9188240631256674,0.6903135303579964,0.6527447714008905,0.7022520459011166,0.8749793064132703,1.0,11611585871.11796,0.739494680206803,0.723058736879255,0.7447176572315646,False,False
8.0,9.409698316032149,0.1,0.6,0.3,1.9188240631256674,0.6903135303579964,0.6527447714008905,0.7022520459011166,0.9338758824940476,1.2619278278328425,14652983336.034412,0.7892715199273516,0.7717292409647148,0.7948460657966017,False,False
8.0,9.862087658149079,0.15,0.6,0.3,1.9188240631256674,0.6903135303579964,0.6527447714008905,0.7022520459011166,0.9212089959548667,1.5680134842068083,18207123218.93822,0.778566015075008,0.7612616757159351,0.7840649490333427,False,False
8.0,9.047786842338605,0.0,0.6,0.5,0.41446599763514413,0.6903135303579964,0.6527447714008905,0.7022520459011166,0.8663661861832036,1.0,2508102548.1614795,0.732215243375062,0.7159410921664101,0.737386806464953,False,False
8.0,9.409698316032149,0.1,0.6,0.5,0.41446599763514413,0.6903135303579964,0.6527447714008905,0.7022520459011166,0.9473691289401064,1.6558798646036643,4153116507.8617363,0.8006754284454656,0.7828796872211884,0.8063305189809274,False,False
8.0,9.862087658149079,0.15,0.6,0.5,0.41446599763514413,0.6903135303579964,0.6527447714008905,0.7022520459011166,0.9341897828377606,1.9679749474672363,4935882980.460529,0.7895368149264325,0.771988639540621,0.7951132345477488,False,False
8.0,9.047786842338605,0.0,0.6,0.7,0.1510444597795715,0.6882341072836171,0.6475763371102333,0.7013077304384083,0.8503713678896534,1.0,914031540.8751749,0.7178129735643687,0.7005258717455269,0.7233716909670755,False,False
8.0,9.409698316032149,0.1,0.6,0.7,0.1510444597795715,0.6882341072836171,0.6475763371102333,0.7013077304384083,0.9115247731452154,1.8399087954738962,1681734671.3967924,0.7694336058288571,0.7509033234619152,0.7753920715190357,False,False
8.0,9.862087658149079,0.15,0.6,0.7,0.1510444597795715,0.6882341072836171,0.6475763371102333,0.7013077304384083,0.9282969436850292,2.019532593194741,1845916488.0054271,0.7835912810081027,0.7647200391136025,0.789659383216844,False,False
8.0,9.047786842338605,0.0,1.0,0.3,1.1512944378754004,0.6903135303579964,0.6527447714008905,0.7022520459011166,0.8342294815770418,1.0,6966951522.670776,0.7050546900666053,0.6893842069124657,0.7100344208827736,False,False
8.0,9.409698316032149,0.1,1.0,0.3,1.1512944378754004,0.6903135303579964,0.6527447714008905,0.7022520459011166,0.9226604652350907,1.5489815943424299,10791679677.293,0.7797927341566387,0.7624611298478047,0.7853003323092546,False,False
8.0,9.862087658149079,0.15,1.0,0.3,1.1512944378754004,0.6903135303579964,0.6527447714008905,0.7022520459011166,0.9185936707662771,1.8632171509156128,12980943566.637835,0.7763556552987284,0.7591004432004578,0.781838977706856,False,False
8.0,9.047786842338605,0.0,1.0,0.5,0.24867959858108646,0.6903135303579964,0.6527447714008905,0.7022520459011166,0.8196538846444962,1.0,1504861528.8968875,0.6927360257125421,0.6773393361023099,0.6976287510334457,False,False
8.0,9.409698316032149,0.1,1.0,0.5,0.24867959858108646,0.6903135303579964,0.6527447714008905,0.7022520459011166,0.8868737717072662,1.8287360593203972,2751994542.177762,0.7495473680182104,0.7328879945408856,0.7548413461723669,False,False
8.0,9.862087658149079,0.15,1.0,0.5,0.24867959858108646,0.6903135303579964,0.6527447714008905,0.7022520459011166,0.9108010384666032,2.1766801636873927,3275602239.0461373,0.7697696593921066,0.7526608270560899,0.7752064655693185,False,False
8.0,9.047786842338605,0.0,1.0,0.7,0.0906266758677429,0.666521309357865,0.5879543753223792,0.6916780842152153,0.7924098380908393,1.0,548418924.5251049,0.6602839404615997,0.6291553347224232,0.6702511784074,False,True
8.0,9.409698316032149,0.1,1.0,0.7,0.0906266758677429,0.666521309357865,0.5879543753223792,0.6916780842152153,0.8819784100765838,2.143542593196637,1175559323.6346543,0.7349179073930983,0.7002707376104935,0.7460117735387685,False,False
8.0,9.862087658149079,0.15,1.0,0.7,0.0906266758677429,0.666521309357865,0.5879543753223792,0.6916780842152153,0.8699240997012201,2.080124547987701,1140779667.4856849,0.7248735248380196,0.6906998901594671,0.735815767197603,False,False
10.0,14.137166941154067,0.0,0.3,0.3,1.964875840640683,0.6903135303579964,0.6527447714008905,0.7022520459011166,0.9197106661229045,1.0,11890263932.024788,0.7772996914810556,0.7600234973181302,0.7827896815223965,False,False
10.0,14.702653618800232,0.1,0.3,0.3,1.964875840640683,0.6903135303579964,0.6527447714008905,0.7022520459011166,0.9717143552512466,1.151680648019845,13693786870.361298,0.8212509611621395,0.8029979099683426,0.8270513746289595,False,False
10.0,15.409511965857934,0.15,0.3,0.3,1.964875840640683,0.6903135303579964,0.6527447714008905,0.7022520459011166,0.9920376702282916,1.2087966512751571,14372911223.809345,0.8384273483058526,0.8197925362512649,0.8443490768785433,False,False
10.0,14.137166941154067,0.0,0.3,0.5,0.4244131815783876,0.6903135303579964,0.6527447714008905,0.7022520459011166,0.9145438907578087,1.0,2568297009.317355,0.7729329563270847,0.7557538168332978,0.7783921045544235,False,False
10.0,14.702653618800232,0.1,0.3,0.5,0.4244131815783876,0.6903135303579964,0.6527447714008905,0.7022520459011166,0.9783208997317431,1.271431304860563,3265413217.825846,0.826834526924287,0.8084573758919266,0.8326743765580904,False,False
10.0,15.409511965857934,0.15,0.3,0.5,0.4244131815783876,0.6903135303579964,0.6527447714008905,0.7022520459011166,0.9665343472441825,1.6404509398191112,4213165242.6692677,0.8168730423512879,0.7987172943935976,0.8226425350150549,False,False
10.0,14.137166941154067,0.0,0.3,0.7,0.1546695268142812,0.6890903060170706,0.6497044306897081,0.7016965506420088,0.9067823029115004,1.0,935968297.8561788,0.7658185987578251,0.7479613913920596,0.7715341585238586,False,False
10.0,14.702653618800232,0.1,0.3,0.7,0.1546695268142812,0.6890903060170706,0.6497044306897081,0.7016965506420088,0.9670731286449818,1.7228732275000502,1612554722.165203,0.8167369234019192,0.7976924125632924,0.8228325036168705,False,False
10.0,15.409511965857934,0.15,0.3,0.7,0.1546695268142812,0.6890903060170706,0.6497044306897081,0.7016965506420088,0.9604570000353636,1.9298353494244838,1806264707.143518,0.8111493040529849,0.7922350842226423,0.8172031820000749,False,False
10.0,14.137166941154067,0.0,0.6,0.3,0.9824379203203415,0.6903135303579964,0.6527447714008905,0.7022520459011166,0.8749793064132703,1.0,5945131966.012394,0.739494680206803,0.723058736879255,0.7447176572315646,False,False
10.0,14.702653618800232,0.1,0.6,0.3,0.9824379203203415,0.6903135303579964,0.6527447714008905,0.7022520459011166,0.9338758824940476,1.2619278278328425,7502327468.049617,0.7892715199273516,0.7717292409647148,0.7948460657966017,False,False
10.0,15.409511965857934,0.15,0.6,0.3,0.9824379203203415,0.6903135303579964,0.6527447714008905,0.7022520459011166,0.9212089959548667,1.5680134842068083,9322047088.096367,0.778566015075008,0.7612616757159351,0.7840649490333427,False,False
10.0,14.137166941154067,0.0,0.6,0.5,0.2122065907891938,0.6903135303579964,0.6527447714008905,0.7022520459011166,0.8663661861832036,1.0,1284148504.6586776,0.732215243375062,0.7159410921664101,0.737386806464953,False,False
10.0,14.702653618800232,0.1,0.6,0.5,0.2122065907891938,0.6903135303579964,0.6527447714008905,0.7022520459011166,0.9473691289401064,1.6558798646036643,2126395652.025209,0.8006754284454656,0.7828796872211884,0.8063305189809274,False,False
10.0,15.409511965857934,0.15,0.6,0.5,0.2122065907891938,0.6903135303579964,0.6527447714008905,0.7022520459011166,0.9341897828377606,1.9679749474672363,2527172085.995791,0.7895368149264325,0.771988639540621,0.7951132345477488,False,False
10.0,14.137166941154067,0.0,0.6,0.7,0.0773347634071406,0.6581172921922054,0.5624368233866663,0.6880504508917445,0.8503713678896534,1.0,467984148.9280894,0.7050077349414869,0.6643257693722421,0.7177348854957795,False,True
10.0,14.702653618800232,0.1,0.6,0.7,0.0773347634071406,0.6581172921922054,0.5624368233866663,0.6880504508917445,0.9115247731452154,1.8399087954738962,861048151.7551574,0.7557074943068294,0.712099935495631,0.7693499021533879,False,True
10.0,15.409511965857934,0.15,0.6,0.7,0.0773347634071406,0.6581172921922054,0.5624368233866663,0.6880504508917445,0.9282969436850292,2.019532593194741,945109241.8587784,0.7696126073066605,0.7252026639253941,0.783506037174471,False,False
10.0,14.137166941154067,0.0,1.0,0.3,0.589462752192205,0.6903135303579964,0.6527447714008905,0.7022520459011166,0.8342294815770418,1.0,3567079179.607437,0.7050546900666053,0.6893842069124657,0.7100344208827736,False,False
10.0,14.702653618800232,0.1,1.0,0.3,0.589462752192205,0.6903135303579964,0.6527447714008905,0.7022520459011166,0.9226604652350907,1.5489815943424299,5525339994.774014,0.7797927341566387,0.7624611298478047,0.7853003323092546,False,False
10.0,15.409511965857934,0.15,1.0,0.3,0.589462752192205,0.6903135303579964,0.6527447714008905,0.7022520459011166,0.9185936707662771,1.8632171509156128,6646243106.11857,0.7763556552987284,0.7591004432004578,0.781838977706856,False,False
10.0,14.137166941154067,0.0,1.0,0.5,0.12732395447351627,0.6820665674927853,0.6322468332027893,0.6985069039673022,0.8196538846444962,1.0,770489102.7952064,0.6893561981380475,0.6689387287666716,0.6960938909661477,False,True
10.0,14.702653618800232,0.1,1.0,0.5,0.12732395447351627,0.6820665674927853,0.6322468332027893,0.6985069039673022,0.8868737717072662,1.8287360593203972,1409021205.5950143,0.7458903604875107,0.7237984526598994,0.7531806120961564,False,False
10.0,15.409511965857934,0.15,1.0,0.5,0.12732395447351627,0.6820665674927853,0.6322468332027893,0.6985069039673022,0.9108010384666032,2.1766801636873927,1677108346.3916223,0.7660139882211918,0.7433260553574624,0.773500925988057,False,False
10.0,14.137166941154067,0.0,1.0,0.7,0.046400858044284364,0.6119270027729037,0.4645971639875102,0.6709633513479868,0.7924098380908393,1.0,280790489.35685366,0.6386534076407643,0.5802806007918226,0.6620438993486922,True,True
10.0,14.702653618800232,0.1,1.0,0.7,0.046400858044284364,0.6119270027729037,0.4645971639875102,0.6709633513479868,0.8819784100765838,2.143542593196637,601886373.7009429,0.7108424075325794,0.645871539048189,0.7368767999590687,False,True
10.0,15.409511965857934,0.15,1.0,0.7,0.046400858044284364,0.6119270027729037,0.4645971639875102,0.6709633513479868,0.8699240997012201,2.080124547987701,584079189.7526706,0.7011270733356522,0.6370441846533975,0.7268056445275654,False,True
12.0,20.35752039526186,0.0,0.3,0.3,1.137080926296692,0.6903135303579964,0.6527447714008905,0.7022520459011166,0.9197106661229045,1.0,6880939775.477312,0.7772996914810556,0.7600234973181302,0.7827896815223965,False,False
12.0,21.171821211072338,0.1,0.3,0.3,1.137080926296692,0.6903135303579964,0.6527447714008905,0.7022520459011166,0.9717143552512466,1.151680648019845,7924645179.607237,0.8212509611621395,0.8029979099683426,0.8270513746289595,False,False
12.0,22.18969723083543,0.15,0.3,0.3,1.137080926296692,0.6903135303579964,0.6527447714008905,0.7022520459011166,0.9920376702282916,1.2087966512751571,8317656958.223006,0.8384273483058526,0.8197925362512649,0.8443490768785433,False,False
12.0,20.35752039526186,0.0,0.3,0.5,0.24560948008008537,0.6903135303579964,0.6527447714008905,0.7022520459011166,0.9145438907578087,1.0,1486282991.5030985,0.7729329563270847,0.7557538168332978,0.7783921045544235,False,False
12.0,21.171821211072338,0.1,0.3,0.5,0.24560948008008537,0.6903135303579964,0.6527447714008905,0.7022520459011166,0.9783208997317431,1.271431304860563,1889706723.2788455,0.826834526924287,0.8084573758919266,0.8326743765580904,False,False
12.0,22.18969723083543,0.15,0.3,0.5,0.24560948008008537,0.6903135303579964,0.6527447714008905,0.7022520459011166,0.9665343472441825,1.6404509398191112,2438174330.248418,0.8168730423512879,0.7987172943935976,0.8226425350150549,False,False
12.0,20.35752039526186,0.0,0.3,0.7,0.08950782801752387,0.6658630763170066,0.5859557482997522,0.6913939548439206,0.9067823029115004,1.0,541648320.5186222,0.7552875783389859,0.7190583028794906,0.7668630527519803,False,True
12.0,21.171821211072338,0.1,0.3,0.7,0.08950782801752387,0.6658630763170066,0.5859557482997522,0.6913939548439206,0.9670731286449818,1.7228732275000502,933191390.1419003,0.8055057085540208,0.7668675937003674,0.8178508218410597,False,False
12.0,22.18969723083543,0.15,0.3,0.7,0.08950782801752387,0.6658630763170066,0.5859557482997522,0.6913939548439206,0.9604570000353636,1.9298353494244838,1045292075.89324,0.799994926374557,0.7616211501004101,0.8122555818736705,False,False
12.0,20.35752039526186,0.0,0.6,0.3,0.568540463148346,0.6903135303579964,0.6527447714008905,0.7022520459011166,0.8749793064132703,1.0,3440469887.738656,0.739494680206803,0.723058736879255,0.7447176572315646,False,False
12.0,21.171821211072338,0.1,0.6,0.3,0.568540463148346,0.6903135303579964,0.6527447714008905,0.7022520459011166,0.9338758824940476,1.2619278278328425,4341624692.158346,0.7892715199273516,0.7717292409647148,0.7948460657966017,False,False
12.0,22.18969723083543,0.15,0.6,0.3,0.568540463148346,0.6903135303579964,0.6527447714008905,0.7022520459011166,0.9212089959548667,1.5680134842068083,5394703175.981697,0.778566015075008,0.7612616757159351,0.7840649490333427,False,False
12.0,20.35752039526186,0.0,0.6,0.5,0.12280474004004269,0.6807618989618489,0.6290040618512952,0.6979144229649262,0.8663661861832036,1.0,743141495.7515492,0.728077638142808,0.7056570181715272,0.735507821544789,False,True
12.0,21.171821211072338,0.1,0.6,0.5,0.12280474004004269,0.6807618989618489,0.6290040618512952,0.6979144229649262,0.9473691289401064,1.6558798646036643,1230553039.36644,0.796150968087603,0.7716340795579785,0.8042758539495627,False,False
12.0,22.18969723083543,0.15,0.6,0.5,0.12280474004004269,0.6807618989618489,0.6290040618512952,0.6979144229649262,0.9341897828377606,1.9679749474672363,1462483846.0623786,0.7850752966965758,0.7608994753913457,0.793087153033353,False,False
12.0,20.35752039526186,0.0,0.6,0.7,0.044753914008761934,0.60833133682937,0.4574069688227494,0.6696618580099105,0.8503713678896534,1.0,270824160.2593111,0.683839459459693,0.6196685788248574,0.7099163190545339,True,True
12.0,21.171821211072338,0.1,0.6,0.7,0.044753914008761934,0.60833133682937,0.4574069688227494,0.6696618580099105,0.9115247731452154,1.8399087954738962,498291754.48793846,0.7330169284728663,0.6642312783182063,0.7609690731758513,False,True
12.0,22.18969723083543,0.15,0.6,0.7,0.044753914008761934,0.60833133682937,0.4574069688227494,0.6696618580099105,0.9282969436850292,2.019532593194741,546938218.6682746,0.7465045322057807,0.6764532174317105,0.7749709998890336,False,True
12.0,20.35752039526186,0.0,1.0,0.3,0.3411242778890076,0.6903135303579964,0.6527447714008905,0.7022520459011166,0.8342294815770418,1.0,2064281932.6431935,0.7050546900666053,0.6893842069124657,0.7100344208827736,False,False
12.0,21.171821211072338,0.1,1.0,0.3,0.3411242778890076,0.6903135303579964,0.6527447714008905,0.7022520459011166,0.9226604652350907,1.5489815943424299,3197534719.1979265,0.7797927341566387,0.7624611298478047,0.7853003323092546,False,False
12.0,22.18969723083543,0.15,1.0,0.3,0.3411242778890076,0.6903135303579964,0.6527447714008905,0.7022520459011166,0.9185936707662771,1.8632171509156128,3846205501.226026,0.7763556552987284,0.7591004432004578,0.781838977706856,False,False
12.0,20.35752039526186,0.0,1.0,0.5,0.07368284402402563,0.6555541172901466,0.5546541228763842,0.6869440444547628,0.8196538846444962,1.0,445884897.45092964,0.6784906817380292,0.637139145547105,0.691355119607622,False,True
12.0,21.171821211072338,0.1,1.0,0.5,0.07368284402402563,0.6555541172901466,0.5546541228763842,0.6869440444547628,0.8868737717072662,1.8287360593203972,815405790.2748924,0.734133762133303,0.6893909828278153,0.7480532136823528,False,True
12.0,22.18969723083543,0.15,1.0,0.5,0.07368284402402563,0.6555541172901466,0.5546541228763842,0.6869440444547628,0.9108010384666032,2.1766801636873927,970548811.5692258,0.753940204632763,0.7079902947860984,0.7682351937622248,False,False
12.0,20.35752039526186,0.0,1.0,0.7,0.026852348405257163,0.5204494237063719,0.37645605645701385,0.6372691259282339,0.7924098380908393,1.0,162494496.1555867,0.6024095408322381,0.5453586604181287,0.6486940814939609,True,True
12.0,21.171821211072338,0.1,1.0,0.7,0.026852348405257163,0.5204494237063719,0.37645605645701385,0.6372691259282339,0.8819784100765838,2.143542593196637,348313873.6695273,0.6705017826612021,0.6070022621071208,0.722018010276831,True,True
12.0,22.18969723083543,0.15,1.0,0.7,0.026852348405257163,0.5204494237063719,0.37645605645701385,0.6372691259282339,0.8699240997012201,2.080124547987701,338008790.366129,0.6613377980295022,0.5987061478458298,0.7121499351708612,True,True
14.0,27.708847204661975,0.0,0.3,0.3,0.7160626241401905,0.6903135303579964,0.6527447714008905,0.7022520459011166,0.9197106661229045,1.0,4333186564.148974,0.7772996914810556,0.7600234973181302,0.7827896815223965,False,False
14.0,28.817201092848457,0.1,0.3,0.3,0.7160626241401905,0.6903135303579964,0.6527447714008905,0.7022520459011166,0.9717143552512466,1.151680648019845,4990447110.189977,0.8212509611621395,0.8029979099683426,0.8270513746289595,False,False
14.0,30.202643453081556,0.15,0.3,0.3,0.7160626241401905,0.6903135303579964,0.6527447714008905,0.7022520459011166,0.9920376702282916,1.2087966512751571,5237941408.093784,0.8384273483058526,0.8197925362512649,0.8443490768785433,False,False
14.0,27.708847204661975,0.0,0.3,0.5,0.1546695268142812,0.6890903060170706,0.6497044306897081,0.7016965506420088,0.9145438907578087,1.0,935968297.8561788,0.7723736101530747,0.7543635543216808,0.7781380921566426,False,False
14.0,28.817201092848457,0.1,0.3,0.5,0.1546695268142812,0.6890903060170706,0.6497044306897081,0.7016965506420088,0.9783208997317431,1.271431304860563,1190019394.2514014,0.8262361739553928,0.8069701614618991,0.8324026502472468,False,False
14.0,30.202643453081556,0.15,0.3,0.5,0.1546695268142812,0.6890903060170706,0.6497044306897081,0.7016965506420088,0.9665343472441825,1.6404509398191112,1535410073.8590622,0.8162818981813429,0.7972479975312564,0.8223740823912254,False,False
14.0,27.708847204661975,0.0,0.3,0.7,0.056366445632026696,0.631284423304793,0.5033058854584069,0.6779699960864676,0.9067823029115004,1.0,341096318.4607067,0.7396099230339895,0.6815855863981932,0.7607767486338443,True,True
14.0,28.817201092848457,0.1,0.3,0.7,0.056366445632026696,0.631284423304793,0.5033058854584069,0.6779699960864676,0.9670731286449818,1.7228732275000502,587665715.0747827,0.7887856654775955,0.7269033629803382,0.8113598469438741,False,True
14.0,30.202643453081556,0.15,0.3,0.7,0.056366445632026696,0.631284423304793,0.5033058854584069,0.6779699960864676,0.9604570000353636,1.9298353494244838,658259732.9240229,0.7833892717058698,0.7219303304414437,0.8058090142952797,False,True
14.0,27.708847204661975,0.0,0.6,0.3,0.35803131207009525,0.6903135303579964,0.6527447714008905,0.7022520459011166,0.8749793064132703,1.0,2166593282.074487,0.739494680206803,0.723058736879255,0.7447176572315646,False,False
14.0,28.817201092848457,0.1,0.6,0.3,0.35803131207009525,0.6903135303579964,0.6527447714008905,0.7022520459011166,0.9338758824940476,1.2619278278328425,2734084354.2454867,0.7892715199273516,0.7717292409647148,0.7948460657966017,False,False
14.0,30.202643453081556,0.15,0.6,0.3,0.35803131207009525,0.6903135303579964,0.6527447714008905,0.7022520459011166,0.9212089959548667,1.5680134842068083,3397247481.084681,0.778566015075008,0.7612616757159351,0.7840649490333427,False,False
14.0,27.708847204661975,0.0,0.6,0.5,0.0773347634071406,0.6581172921922054,0.5624368233866663,0.6880504508917445,0.8663661861832036,1.0,467984148.9280894,0.7182683773404908,0.6768212159148529,0.731234915611959,False,True
14.0,28.817201092848457,0.1,0.6,0.5,0.0773347634071406,0.6581172921922054,0.5624368233866663,0.6880504508917445,0.9473691289401064,1.6558798646036643,774925529.1637057,0.7854245673923287,0.7401022061978865,0.7996034426341329,False,True
14.0,30.202643453081556,0.15,0.6,0.5,0.0773347634071406,0.6581172921922054,0.5624368233866663,0.6880504508917445,0.9341897828377606,1.9679749474672363,920981080.902256,0.774498116556286,0.7298062583686551,0.7884797420688713,False,False
14.0,27.708847204661975,0.0,0.6,0.7,0.028183222816013348,0.5297604107485573,0.38356995423108686,0.640710093107911,0.8503713678896534,1.0,170548159.23035336,0.6504322265158444,0.5882741372752572,0.6976064430932675,True,True
14.0,28.817201092848457,0.1,0.6,0.7,0.028183222816013348,0.5297604107485573,0.38356995423108686,0.640710093107911,0.9115247731452154,1.8399087954738962,313793058.2198097,0.6972072556870551,0.6305791443305138,0.7477739477086269,True,True
14.0,30.202643453081556,0.15,0.6,0.7,0.028183222816013348,0.5297604107485573,0.38356995423108686,0.640710093107911,0.9282969436850292,2.019532593194741,344427566.2750651,0.7100359569341204,0.6421818799435769,0.7615330824526267,True,True
14.0,27.708847204661975,0.0,1.0,0.3,0.2148187872420572,0.6903135303579964,0.6527447714008905,0.7022520459011166,0.8342294815770418,1.0,1299955969.2446928,0.7050546900666053,0.6893842069124657,0.7100344208827736,False,False
14.0,28.817201092848457,0.1,1.0,0.3,0.2148187872420572,0.6903135303579964,0.6527447714008905,0.7022520459011166,0.9226604652350907,1.5489815943424299,2013607869.815603,0.7797927341566387,0.7624611298478047,0.7853003323092546,False,False
14.0,30.202643453081556,0.15,1.0,0.3,0.2148187872420572,0.6903135303579964,0.6527447714008905,0.7022520459011166,0.9185936707662771,1.8632171509156128,2422100257.3318405,0.7763556552987284,0.7591004432004578,0.781838977706856,False,False
14.0,27.708847204661975,0.0,1.0,0.5,0.046400858044284364,0.6119270027729037,0.4645971639875102,0.6709633513479868,0.8196538846444962,1.0,280790489.35685366,0.6606111147930851,0.6002313774508374,0.6848058010154817,True,True
14.0,28.817201092848457,0.1,1.0,0.5,0.046400858044284364,0.6119270027729037,0.4645971639875102,0.6709633513479868,0.8868737717072662,1.8287360593203972,513491693.0010985,0.7147878903329971,0.6494564054286843,0.7409667848973014,False,True
14.0,30.202643453081556,0.15,1.0,0.5,0.046400858044284364,0.6119270027729037,0.4645971639875102,0.6709633513479868,0.9108010384666032,2.1766801636873927,611191088.3351393,0.73407239402896,0.6669783089475331,0.7609575778236909,False,True
14.0,27.708847204661975,0.0,1.0,0.7,0.016909933689608005,0.4348442179059951,0.3156168203870093,0.5874293533208435,0.7924098380908393,1.0,102328895.53821199,0.5684923371982332,0.5212538558162274,0.6289473184228077,True,True
14.0,28.817201092848457,0.1,1.0,0.7,0.016909933689608005,0.4348442179059951,0.3156168203870093,0.5874293533208435,0.8819784100765838,2.143542593196637,219346346.10092673,0.6327508110081544,0.5801728157574725,0.7000392085754086,True,True
14.0,30.202643453081556,0.15,1.0,0.7,0.016909933689608005,0.4348442179059951,0.3156168203870093,0.5874293533208435,0.8699240997012201,2.080124547987701,212856847.5775039,0.624102782236687,0.5722433890134755,0.6904715255134624,True,True
16.0,36.19114736935442,0.0,0.3,0.3,0.47970601578141686,0.6903135303579964,0.6527447714008905,0.7022520459011166,0.9197106661229045,1.0,2902896467.77949,0.7772996914810556,0.7600234973181302,0.7827896815223965,False,False
16.0,37.638793264128594,0.1,0.3,0.3,0.47970601578141686,0.6903135303579964,0.6527447714008905,0.7022520459011166,0.9717143552512466,1.151680648019845,3343209685.146802,0.8212509611621395,0.8029979099683426,0.8270513746289595,False,False
16.0,39.448350632596316,0.15,0.3,0.3,0.47970601578141686,0.6903135303579964,0.6527447714008905,0.7022520459011166,0.9920376702282916,1.2087966512751571,3509011529.2503295,0.8384273483058526,0.8197925362512649,0.8443490768785433,False,False
16.0,36.19114736935442,0.0,0.3,0.5,0.10361649940878603,0.6736188210762732,0.6095049172023814,0.6947417583505595,0.9145438907578087,1.0,627025637.0403699,0.7652989341362959,0.7359814445860453,0.7749578607558254,False,True
16.0,37.638793264128594,0.1,0.3,0.5,0.10361649940878603,0.6736188210762732,0.6095049172023814,0.6947417583505595,0.9783208997317431,1.271431304860563,797220023.8832632,0.8186681354216594,0.7873061493600492,0.8290006409212378,False,True
16.0,39.448350632596316,0.15,0.3,0.5,0.10361649940878603,0.6736188210762732,0.6095049172023814,0.6947417583505595,0.9665343472441825,1.6404509398191112,1028604795.5735517,0.8088050373822671,0.7778208922672529,0.8190130595774081,False,False
16.0,36.19114736935442,0.0,0.3,0.7,0.03776111494489288,0.5860712518299389,0.4265932733711589,0.6615203203312071,0.9067823029115004,1.0,228507885.21879372,0.7191106711580392,0.6468047668727775,0.753318611202093,True,True
16.0,37.638793264128594,0.1,0.3,0.7,0.03776111494489288,0.5860712518299389,0.4265932733711589,0.6615203203312071,0.9670731286449818,1.7228732275000502,393690117.71611416,0.7669234438805209,0.6898100100914663,0.8034058272449565,True,True
16.0,39.448350632596316,0.15,0.3,0.7,0.03776111494489288,0.5860712518299389,0.4265932733711589,0.6615203203312071,0.9604570000353636,1.9298353494244838,440982594.5174606,0.7616766181874585,0.6850907478063463,0.7979094111815538,False,True
16.0,36.19114736935442,0.0,0.6,0.3,0.23985300789070843,0.6903135303579964,0.6527447714008905,0.7022520459011166,0.8749793064132703,1.0,1451448233.889745,0.739494680206803,0.723058736879255,0.7447176572315646,False,False
16.0,37.638793264128594,0.1,0.6,0.3,0.23985300789070843,0.6903135303579964,0.6527447714008905,0.7022520459011166,0.9338758824940476,1.2619278278328425,1831622917.0043015,0.7892715199273516,0.7717292409647148,0.7948460657966017,False,False
16.0,39.448350632596316,0.15,0.6,0.3,0.23985300789070843,0.6903135303579964,0.6527447714008905,0.7022520459011166,0.9212089959548667,1.5680134842068083,2275890402.3672776,0.778566015075008,0.7612616757159351,0.7840649490333427,False,False
16.0,36.19114736935442,0.0,0.6,0.5,0.05180824970439302,0.622894515560797,0.48652872232895755,0.6749331708620547,0.8663661861832036,1.0,313512818.52018493,0.7030104660120228,0.6439391099079648,0.7255527316757492,True,True
16.0,37.638793264128594,0.1,0.6,0.5,0.05180824970439302,0.622894515560797,0.48652872232895755,0.6749331708620547,0.9473691289401064,1.6558798646036643,519139563.48271704,0.7687400817842541,0.704145710408617,0.7933899895562376,False,True
16.0,39.448350632596316,0.15,0.6,0.5,0.05180824970439302,0.622894515560797,0.48652872232895755,0.6749331708620547,0.9341897828377606,1.9679749474672363,616985372.5575662,0.7580457375301668,0.6943499721472913,0.7823527275776923,False,True
16.0,36.19114736935442,0.0,0.6,0.7,0.01888055747244644,0.4538233207356201,0.32711856840419806,0.6063993451144102,0.8503713678896534,1.0,114253942.60939686,0.6181448629619138,0.5642718161828182,0.6830180042409921,True,True
16.0,37.638793264128594,0.1,0.6,0.7,0.01888055747244644,0.4538233207356201,0.32711856840419806,0.6063993451144102,0.9115247731452154,1.8399087954738962,210216833.92459905,0.66259798631338,0.6048507260007198,0.7321363993180177,True,True
16.0,39.448350632596316,0.15,0.6,0.7,0.01888055747244644,0.4538233207356201,0.32711856840419806,0.6063993451144102,0.9282969436850292,2.019532593194741,230739561.0006784,0.6747898726484481,0.6159800554786342,0.7456078012036697,True,True
16.0,36.19114736935442,0.0,1.0,0.3,0.14391180473442505,0.686487755371929,0.6432357557176673,0.7005146705104621,0.8342294815770418,1.0,870868940.333847,0.7034589029249766,0.685417856300604,0.7093097359970484,False,True
16.0,37.638793264128594,0.1,1.0,0.3,0.14391180473442505,0.686487755371929,0.6432357557176673,0.7005146705104621,0.9226604652350907,1.5489815943424299,1348959959.661625,0.778027788492374,0.7580743334306994,0.78449882851614,False,False
16.0,39.448350632596316,0.15,1.0,0.3,0.14391180473442505,0.686487755371929,0.6432357557176673,0.7005146705104621,0.9185936707662771,1.8632171509156128,1622617945.8297293,0.7745984889547397,0.7547329823895447,0.7810410066880558,False,False
16.0,36.19114736935442,0.0,1.0,0.5,0.031084949822635807,0.5486229357433481,0.3979815385202583,0.6476809254309338,0.8196538846444962,1.0,188107691.11211094,0.6346674025657997,0.5729304993547095,0.6752640355920517,True,True
16.0,37.638793264128594,0.1,1.0,0.5,0.031084949822635807,0.5486229357433481,0.3979815385202583,0.6476809254309338,0.8868737717072662,1.8287360593203972,343999317.77222025,0.6867165319875412,0.6199165799222942,0.7306424984535256,True,True
16.0,39.448350632596316,0.15,1.0,0.5,0.031084949822635807,0.5486229357433481,0.3979815385202583,0.6476809254309338,0.9108010384666032,2.1766801636873927,409450279.88076717,0.7052436890341206,0.6366415185206955,0.7503547489720542,False,True
16.0,36.19114736935442,0.0,1.0,0.7,0.011328334483467862,0.36587190212750714,0.27381810084965263,0.5184901481304439,0.7924098380908393,1.0,68552365.56563811,0.5411651664088424,0.5046929975257268,0.6016332662112898,True,True
16.0,37.638793264128594,0.1,1.0,0.7,0.011328334483467862,0.36587190212750714,0.27381810084965263,0.5184901481304439,0.8819784100765838,2.143542593196637,146944915.4543318,0.6023347643033491,0.561740031657075,0.6696377632825226,True,True
16.0,39.448350632596316,0.15,1.0,0.7,0.011328334483467862,0.36587190212750714,0.27381810084965263,0.5184901481304439,0.8699240997012201,2.080124547987701,142597458.4357106,0.5941024423827324,0.554062532282376,0.6604855875087743,True,True
18.0,45.80442088933919,0.0,0.3,0.3,0.33691286705087164,0.6903135303579964,0.6527447714008905,0.7022520459011166,0.9197106661229045,1.0,2038796970.5117955,0.7772996914810556,0.7600234973181302,0.7827896815223965,False,False
18.0,47.63659772491276,0.1,0.3,0.3,0.33691286705087164,0.6903135303579964,0.6527447714008905,0.7022520459011166,0.9717143552512466,1.151680648019845,2348043016.179921,0.8212509611621395,0.8029979099683426,0.8270513746289595,False,False
18.0,49.92681876937972,0.15,0.3,0.3,0.33691286705087164,0.6903135303579964,0.6527447714008905,0.7022520459011166,0.9920376702282916,1.2087966512751571,2464490950.584594,0.8384273483058526,0.8197925362512649,0.8443490768785433,False,False
18.0,45.80442088933919,0.0,0.3,0.5,0.07277317928298827,0.654895884249288,0.5526554958537571,0.6866599150834681,0.9145438907578087,1.0,440380145.63054776,0.7567374603902141,0.7099857990922949,0.7712622605628352,False,True
18.0,47.63659772491276,0.1,0.3,0.5,0.07277317928298827,0.654895884249288,0.5526554958537571,0.6866599150834681,0.9783208997317431,1.271431304860563,559913103.1937321,0.809509615220561,0.7594976608385416,0.825047322832962,False,True
18.0,49.92681876937972,0.15,0.3,0.5,0.07277317928298827,0.654895884249288,0.5526554958537571,0.6866599150834681,0.9665343472441825,1.6404509398191112,722422023.7773091,0.799756856619985,0.7503474330900518,0.8151073700240642,False,True
18.0,45.80442088933919,0.0,0.3,0.7,0.026520837931118174,0.5180583269032433,0.3746291805148284,0.6363854724996856,0.9067823029115004,1.0,160488391.26477686,0.6882742128116511,0.6232447069782924,0.7419226936020943,True,True
18.0,47.63659772491276,0.1,0.3,0.7,0.026520837931118174,0.5180583269032433,0.3746291805148284,0.6363854724996856,0.9670731286449818,1.7228732275000502,276501152.634637,0.7340367078319431,0.6646834711635814,0.7912522092797339,True,True
18.0,49.92681876937972,0.15,0.3,0.7,0.026520837931118174,0.5180583269032433,0.3746291805148284,0.6363854724996856,0.9604570000353636,1.9298353494244838,309716170.6350339,0.7290148732680962,0.6601361094391712,0.7858389409092496,True,True
18.0,45.80442088933919,0.0,0.6,0.3,0.16845643352543582,0.6903135303579964,0.6527447714008905,0.7022520459011166,0.8749793064132703,1.0,1019398485.2558978,0.739494680206803,0.723058736879255,0.7447176572315646,False,False
18.0,47.63659772491276,0.1,0.6,0.3,0.16845643352543582,0.6903135303579964,0.6527447714008905,0.7022520459011166,0.9338758824940476,1.2619278278328425,1286407316.195065,0.7892715199273516,0.7717292409647148,0.7948460657966017,False,False
18.0,49.92681876937972,0.15,0.6,0.3,0.16845643352543582,0.6903135303579964,0.6527447714008905,0.7022520459011166,0.9212089959548667,1.5680134842068083,1598430570.661243,0.778566015075008,0.7612616757159351,0.7840649490333427,False,False
18.0,45.80442088933919,0.0,0.6,0.5,0.03638658964149413,0.5789341444131244,0.4211402905310196,0.658882731827666,0.8663661861832036,1.0,220190072.81527388,0.6839675764648191,0.6156139467693247,0.7185999528493545,True,True
18.0,47.63659772491276,0.1,0.6,0.5,0.03638658964149413,0.5789341444131244,0.4211402905310196,0.658882731827666,0.9473691289401064,1.6558798646036643,364608307.9604267,0.7479167325232269,0.6731722195710308,0.78578714433268,True,True
18.0,49.92681876937972,0.15,0.6,0.5,0.03638658964149413,0.5789341444131244,0.4211402905310196,0.658882731827666,0.9341897828377606,1.9679749474672363,433328546.98144555,0.737512072742211,0.6638073696965825,0.7748556494996991,False,True
18.0,45.80442088933919,0.0,0.6,0.7,0.013260418965559087,0.39298542659724134,0.29024948483593815,0.5455906565845463,0.8503713678896534,1.0,80244195.63238843,0.5922774613329242,0.5485956096694287,0.6571630204186341,True,True
18.0,47.63659772491276,0.1,0.6,0.7,0.013260418965559087,0.39298542659724134,0.29024948483593815,0.5455906565845463,0.9115247731452154,1.8399087954738962,147642001.32975948,0.6348703624868208,0.5880471844829048,0.7044220863092966,True,True
18.0,49.92681876937972,0.15,0.6,0.7,0.013260418965559087,0.39298542659724134,0.29024948483593815,0.5455906565845463,0.9282969436850292,2.019532593194741,162055768.49430352,0.646552057054003,0.5988673266821924,0.7173835413477859,True,True
18.0,45.80442088933919,0.0,1.0,0.3,0.10107386011526151,0.6723023549945562,0.6055076631571273,0.6941734996079703,0.8342294815770418,1.0,611639091.1535388,0.6975419633235873,0.669680912751769,0.7066647401397598,False,True
18.0,47.63659772491276,0.1,1.0,0.3,0.10107386011526151,0.6723023549945562,0.6055076631571273,0.6941734996079703,0.9226604652350907,1.5489815943424299,947417694.5771633,0.7714836344365075,0.7406692237135292,0.7815734546686258,False,False
18.0,49.92681876937972,0.15,1.0,0.3,0.10107386011526151,0.6723023549945562,0.6055076631571273,0.6941734996079703,0.9185936707662771,1.8632171509156128,1139616444.8077114,0.7680831794527696,0.7374045888714466,0.7781285269599176,False,False
18.0,45.80442088933919,0.0,1.0,0.5,0.021831953784896482,0.48061001081665256,0.3460174456639279,0.6225460775994123,0.8196538846444962,1.0,132114043.68916436,0.6067938735046994,0.5516342140688503,0.6649630977595242,True,True
18.0,47.63659772491276,0.1,1.0,0.5,0.021831953784896482,0.48061001081665256,0.3460174456639279,0.6225460775994123,0.8868737717072662,1.8287360593203972,241601715.6370052,0.6565570923602504,0.5968737844098739,0.7194967798047107,True,True
18.0,49.92681876937972,0.15,1.0,0.5,0.021831953784896482,0.48061001081665256,0.3460174456639279,0.6225460775994123,0.9108010384666032,2.1766801636873927,287570018.2427336,0.6742705677079278,0.612977043652435,0.7389083262187293,True,True
18.0,45.80442088933919,0.0,1.0,0.7,0.007956251379335453,0.34439789271779886,0.26080438532440264,0.49702644745217595,0.7924098380908393,1.0,48146517.379433066,0.5326570582490883,0.49953689941956503,0.5931292424216416,True,True
18.0,47.63659772491276,0.1,1.0,0.7,0.007956251379335453,0.34439789271779886,0.26080438532440264,0.49702644745217595,0.8819784100765838,2.143542593196637,103204110.71689692,0.592864957964777,0.5560011235930006,0.6601725029832334,True,True
18.0,49.92681876937972,0.15,1.0,0.7,0.007956251379335453,0.34439789271779886,0.26080438532440264,0.49702644745217595,0.8699240997012201,2.080124547987701,100150752.7010752,0.5847620632313744,0.5484020599013406,0.651149692264375,True,True
20.0,56.54866776461627,0.0,0.3,0.3,0.24560948008008537,0.6903135303579964,0.6527447714008905,0.7022520459011166,0.9197106661229045,1.0,1486282991.5030985,0.7772996914810556,0.7600234973181302,0.7827896815223965,False,False
20.0,58.81061447520093,0.1,0.3,0.3,0.24560948008008537,0.6903135303579964,0.6527447714008905,0.7022520459011166,0.9717143552512466,1.151680648019845,1711723358.7951622,0.8212509611621395,0.8029979099683426,0.8270513746289595,False,False
20.0,61.63804786343174,0.15,0.3,0.3,0.24560948008008537,0.6903135303579964,0.6527447714008905,0.7022520459011166,0.9920376702282916,1.2087966512751571,1796613902.9761682,0.8384273483058526,0.8197925362512649,0.8443490768785433,False,False
20.0,56.54866776461627,0.0,0.3,0.5,0.05305164769729845,0.62525419892387,0.4912473430723684,0.6757872858508323,0.9145438907578087,1.0,321037126.1646694,0.7431831492771509,0.6819055736078242,0.7662905122422442,True,True
20.0,58.81061447520093,0.1,0.3,0.5,0.05305164769729845,0.62525419892387,0.4912473430723684,0.6757872858508323,0.9783208997317431,1.271431304860563,408176652.2282308,0.795010075091997,0.7294592211985653,0.819728862626301,False,True
20.0,61.63804786343174,0.15,0.3,0.5,0.05305164769729845,0.62525419892387,0.4912473430723684,0.6757872858508323,0.9665343472441825,1.6404509398191112,526645655.33365846,0.7854320031313747,0.7206708886580365,0.8098529852249672,False,True
20.0,56.54866776461627,0.0,0.3,0.7,0.01933369085178515,0.4579067144876249,0.329593193596555,0.6104807786079112,0.9067823029115004,1.0,116996037.23202235,0.6610020039966139,0.6028257890124703,0.7301777346103939,True,True
20.0,58.81061447520093,0.1,0.3,0.7,0.01933369085178515,0.4579067144876249,0.329593193596555,0.6104807786079112,0.9670731286449818,1.7228732275000502,201569340.2706504,0.7049512038260369,0.6429069247782467,0.7787263425954795,True,True
20.0,61.63804786343174,0.15,0.3,0.7,0.01933369085178515,0.4579067144876249,0.329593193596555,0.6104807786079112,0.9604570000353636,1.9298353494244838,225783088.39293975,0.7001283546640988,0.6385085449945929,0.7733987686181855,True,True
20.0,56.54866776461627,0.0,0.6,0.3,0.12280474004004269,0.6807618989618489,0.6290040618512952,0.6979144229649262,0.8749793064132703,1.0,743141495.7515492,0.7353159402997448,0.7126724220915232,0.7428199920774695,False,True
20.0,58.81061447520093,0.1,0.6,0.3,0.12280474004004269,0.6807618989618489,0.6290040618512952,0.6979144229649262,0.9338758824940476,1.2619278278328425,937790933.5062021,0.784811500827684,0.7606438029238832,0.792820665072871,False,False
20.0,61.63804786343174,0.15,0.6,0.3,0.12280474004004269,0.6807618989618489,0.6290040618512952,0.6979144229649262,0.9212089959548667,1.5680134842068083,1165255886.0120459,0.77416649069092,0.7503265981122157,0.7820670203984033,False,False
20.0,56.54866776461627,0.0,0.6,0.5,0.026525823848649224,0.5180945098958144,0.3746568255012454,0.6363988442817894,0.8663661861832036,1.0,160518563.0823347,0.6576128754020483,0.5954780956101118,0.708860312897508,True,True
20.0,58.81061447520093,0.1,0.6,0.5,0.026525823848649224,0.5180945098958144,0.3746568255012454,0.6363988442817894,0.9473691289401064,1.6558798646036643,265799456.50315112,0.7190979367443777,0.6511537196833433,0.7751368738529179,True,True
20.0,61.63804786343174,0.15,0.6,0.5,0.026525823848649224,0.5180945098958144,0.3746568255012454,0.6363988442817894,0.9341897828377606,1.9679749474672363,315896510.74947387,0.7090941902633837,0.6420951806457269,0.7643535404877836,True,True
20.0,56.54866776461627,0.0,0.6,0.7,0.009666845425892575,0.34439789271779886,0.26080438532440264,0.49702644745217595,0.8503713678896534,1.0,58498018.61601117,0.571618737509201,0.536075974894793,0.6365142139434476,True,True
20.0,58.81061447520093,0.1,0.6,0.7,0.009666845425892575,0.34439789271779886,0.26080438532440264,0.49702644745217595,0.9115247731452154,1.8399087954738962,107631018.96939467,0.6127259920882486,0.5746272156566594,0.6822883464531162,True,True
20.0,61.63804786343174,0.15,0.6,0.7,0.009666845425892575,0.34439789271779886,0.26080438532440264,0.49702644745217595,0.9282969436850292,2.019532593194741,118138655.2323473,0.6240002274532632,0.5852004287406625,0.694842537892756,True,True
20.0,56.54866776461627,0.0,1.0,0.3,0.07368284402402563,0.6555541172901466,0.5546541228763842,0.6869440444547628,0.8342294815770418,1.0,445884897.45092964,0.6905560264948479,0.6484691514793883,0.7036492278274874,False,True
20.0,58.81061447520093,0.1,1.0,0.3,0.07368284402402563,0.6555541172901466,0.5546541228763842,0.6869440444547628,0.9226604652350907,1.5489815943424299,690667499.3467518,0.7637571660403982,0.7172089481463882,0.7782382884410984,False,True
20.0,61.63804786343174,0.15,1.0,0.3,0.07368284402402563,0.6555541172901466,0.5546541228763842,0.6869440444547628,0.9185936707662771,1.8632171509156128,830780388.2648213,0.7603907668768897,0.7140477187524722,0.7748080610865051,False,True
20.0,56.54866776461627,0.0,1.0,0.5,0.015915494309189534,0.42440901251124197,0.30929285955305913,0.5769991574111792,0.8196538846444962,1.0,96311137.8494008,0.5837611902137352,0.5365834892349828,0.6462967427265852,True,True
20.0,58.81061447520093,0.1,1.0,0.5,0.015915494309189534,0.42440901251124197,0.30929285955305913,0.5769991574111792,0.8868737717072662,1.8287360593203972,176127650.6993768,0.6316354966898339,0.5805887483106067,0.6992995953562167,True,True
20.0,61.63804786343174,0.15,1.0,0.5,0.015915494309189534,0.42440901251124197,0.30929285955305913,0.5769991574111792,0.9108010384666032,2.1766801636873927,209638543.2989528,0.648676603898214,0.5962526480689173,0.7181662351155301,True,True
20.0,56.54866776461627,0.0,1.0,0.7,0.0058001072555355455,0.34439789271779886,0.26080438532440264,0.49702644745217595,0.7924098380908393,1.0,35098811.16960671,0.5326570582490883,0.49953689941956503,0.5931292424216416,True,True
20.0,58.81061447520093,0.1,1.0,0.7,0.0058001072555355455,0.34439789271779886,0.26080438532440264,0.49702644745217595,0.8819784100765838,2.143542593196637,75235796.71261786,0.592864957964777,0.5560011235930006,0.6601725029832334,True,True
20.0,61.63804786343174,0.15,1.0,0.7,0.0058001072555355455,0.34439789271779886,0.26080438532440264,0.49702644745217595,0.8699240997012201,2.080124547987701,73009898.71908383,0.5847620632313744,0.5484020599013406,0.651149692264375,True,True
22.0,68.4238879951857,0.0,0.3,0.3,0.18453003762590942,0.6903135303579964,0.6527447714008905,0.7022520459011166,0.9197106661229045,1.0,1116666409.8445523,0.7772996914810556,0.7600234973181302,0.7827896815223965,False,False
22.0,71.16084351499312,0.1,0.3,0.3,0.18453003762590942,0.6903135303579964,0.6527447714008905,0.7022520459011166,0.9717143552512466,1.151680648019845,1286043094.5117676,0.8212509611621395,0.8029979099683426,0.8270513746289595,False,False
22.0,74.5820379147524,0.15,0.3,0.3,0.18453003762590942,0.6903135303579964,0.6527447714008905,0.7022520459011166,0.9920376702282916,1.2087966512751571,1349822616.811547,0.8384273483058526,0.8197925362512649,0.8443490768785433,False,False
22.0,68.4238879951857,0.0,0.3,0.5,0.039858488127196424,0.596475901830811,0.43454276531501623,0.6653654614539279,0.9145438907578087,1.0,241199944.52642322,0.7300236413807157,0.6559761610248305,0.7615249043258744,True,True
22.0,71.16084351499312,0.1,0.3,0.5,0.039858488127196424,0.596475901830811,0.43454276531501623,0.6653654614539279,0.9783208997317431,1.271431304860563,306669160.2015257,0.7809328703395825,0.7017215844333247,0.8146309183158882,True,True
22.0,74.5820379147524,0.15,0.3,0.5,0.039858488127196424,0.596475901830811,0.43454276531501623,0.6653654614539279,0.9665343472441825,1.6404509398191112,395676675.6826884,0.7715243968335552,0.6932674276338069,0.8048164596046895,True,True
22.0,68.4238879951857,0.0,0.3,0.7,0.014525688093001619,0.4086766144402664,0.2997586850484551,0.5612743117755002,0.9067823029115004,1.0,87900854.41925049,0.6386815122498603,0.5892990868287308,0.707867957954178,True,True
22.0,71.16084351499312,0.1,0.3,0.7,0.014525688093001619,0.4086766144402664,0.2997586850484551,0.5612743117755002,0.9670731286449818,1.7228732275000502,151442028.75330615,0.6811466503878847,0.6284808490166485,0.7549332166808869,True,True
22.0,74.5820379147524,0.15,0.3,0.7,0.014525688093001619,0.4086766144402664,0.2997586850484551,0.5612743117755002,0.9604570000353636,1.9298353494244838,169634176.10288495,0.6764866575626355,0.624181163705774,0.7497684208600869,True,True
22.0,68.4238879951857,0.0,0.6,0.3,0.09226501881295471,0.6674706507523598,0.590836909693885,0.692087871869159,0.8749793064132703,1.0,558333204.9222761,0.7295011567298921,0.6959746879302929,0.7402709362591916,False,True
22.0,71.16084351499312,0.1,0.6,0.3,0.09226501881295471,0.6674706507523598,0.590836909693885,0.692087871869159,0.9338758824940476,1.2619278278328425,704576208.4945172,0.778605312752142,0.7428221114722402,0.7901000272996429,False,True
22.0,74.5820379147524,0.15,0.6,0.3,0.09226501881295471,0.6674706507523598,0.590836909693885,0.692087871869159,0.9212089959548667,1.5680134842068083,875473993.998532,0.7680444819818948,0.7327466361535234,0.7793832847559976,False,True
22.0,68.4238879951857,0.0,0.6,0.5,0.019929244063598212,0.4631303310719963,0.3327588185595046,0.6157018875627344,0.8663661861832036,1.0,120599972.26321161,0.6338033224099068,0.5773285873687152,0.6998947411683647,True,True
22.0,71.16084351499312,0.1,0.6,0.5,0.019929244063598212,0.4631303310719963,0.3327588185595046,0.6157018875627344,0.9473691289401064,1.6558798646036643,199699065.7424125,0.6930622536367633,0.6313072805129817,0.7653330449235968,True,True
22.0,74.5820379147524,0.15,0.6,0.5,0.019929244063598212,0.4631303310719963,0.3327588185595046,0.6157018875627344,0.9341897828377606,1.9679749474672363,237337724.07924402,0.6834207031237445,0.622524835642607,0.7546860977363954,True,True
22.0,68.4238879951857,0.0,0.6,0.7,0.007262844046500809,0.34439789271779886,0.26080438532440264,0.49702644745217595,0.8503713678896534,1.0,43950427.209625244,0.571618737509201,0.536075974894793,0.6365142139434476,True,True
22.0,71.16084351499312,0.1,0.6,0.7,0.007262844046500809,0.34439789271779886,0.26080438532440264,0.49702644745217595,0.9115247731452154,1.8399087954738962,80864777.58782473,0.6127259920882486,0.5746272156566594,0.6822883464531162,True,True
22.0,74.5820379147524,0.15,0.6,0.7,0.007262844046500809,0.34439789271779886,0.26080438532440264,0.49702644745217595,0.9282969436850292,2.019532593194741,88759320.23467119,0.6240002274532632,0.5852004287406625,0.694842537892756,True,True
22.0,68.4238879951857,0.0,1.0,0.3,0.05535901128777282,0.6294900655964837,0.4997177373042829,0.6773205073296797,0.8342294815770418,1.0,334999922.95336556,0.6796843263287472,0.625554375251623,0.6996351086340897,True,True
22.0,71.16084351499312,0.1,1.0,0.3,0.05535901128777282,0.6294900655964837,0.4997177373042829,0.6773205073296797,0.9226604652350907,1.5489815943424299,518908714.7608954,0.7517330310096051,0.6918651326112436,0.7737986598205804,False,True
22.0,74.5820379147524,0.15,1.0,0.3,0.05535901128777282,0.6294900655964837,0.4997177373042829,0.6773205073296797,0.9185936707662771,1.8632171509156128,624177602.0021195,0.7484196304167278,0.6888156107118182,0.7703880009397623,False,True
22.0,68.4238879951857,0.0,1.0,0.5,0.01195754643815893,0.37517891246388346,0.27945835100495925,0.5277926905787683,0.8196538846444962,1.0,72359983.35792698,0.5635853688411079,0.524356503821028,0.626130606882177,True,True
22.0,71.16084351499312,0.1,1.0,0.5,0.01195754643815893,0.37517891246388346,0.27945835100495925,0.5277926905787683,0.8868737717072662,1.8287360593203972,132327310.8184649,0.6098050544345704,0.5673590267490638,0.6774796329401922,True,True
22.0,74.5820379147524,0.15,1.0,0.5,0.01195754643815893,0.37517891246388346,0.27945835100495925,0.5277926905787683,0.9108010384666032,2.1766801636873927,157504540.4199495,0.6262571907747396,0.5826659973850423,0.6957575845704139,True,True
22.0,68.4238879951857,0.0,1.0,0.7,0.004357706427900485,0.34439789271779886,0.26080438532440264,0.49702644745217595,0.7924098380908393,1.0,26370256.32577514,0.5326570582490883,0.49953689941956503,0.5931292424216416,True,True
22.0,71.16084351499312,0.1,1.0,0.7,0.004357706427900485,0.34439789271779886,0.26080438532440264,0.49702644745217595,0.8819784100765838,2.143542593196637,56525767.627812065,0.592864957964777,0.5560011235930006,0.6601725029832334,True,True
22.0,74.5820379147524,0.15,1.0,0.7,0.004357706427900485,0.34439789271779886,0.26080438532440264,0.49702644745217595,0.8699240997012201,2.080124547987701,54853417.51997282,0.5847620632313744,0.5484020599013406,0.651149692264375,True,True
24.0,81.43008158104745,0.0,0.3,0.3,0.1421351157870865,0.686039285574446,0.642121077945648,0.7003110097116865,0.9197106661229045,1.0,860117471.934664,0.7753341572225299,0.755138135225927,0.7818970856790218,False,True
24.0,84.68728484428935,0.1,0.3,0.3,0.1421351157870865,0.686039285574446,0.642121077945648,0.7003110097116865,0.9717143552512466,1.151680648019845,990580647.4509046,0.8191742886551225,0.7978363122502188,0.8261083082642937,False,False
24.0,88.75878892334173,0.15,0.3,0.3,0.1421351157870865,0.686039285574446,0.642121077945648,0.7003110097116865,0.9920376702282916,1.2087966512751571,1039707119.7778758,0.8363072423873232,0.8145229841989858,0.8433862863689477,False,False
24.0,81.43008158104745,0.0,0.3,0.5,0.030701185010010672,0.5462318389402196,0.3961546625780729,0.6467972720023856,0.9145438907578087,1.0,185785373.9378873,0.707048440998995,0.6384223586069032,0.7530341922132036,True,True
24.0,84.68728484428935,0.1,0.3,0.5,0.030701185010010672,0.5462318389402196,0.3961546625780729,0.6467972720023856,0.9783208997317431,1.271431304860563,236213340.4098557,0.7563554619329317,0.6829436428290243,0.805548094410577,True,True
24.0,88.75878892334173,0.15,0.3,0.5,0.030701185010010672,0.5462318389402196,0.3961546625780729,0.6467972720023856,0.9665343472441825,1.6404509398191112,304771791.28105223,0.7472430905691286,0.6747157177234099,0.7958430631691631,True,True
24.0,81.43008158104745,0.0,0.3,0.7,0.011188478502190484,0.3637330543373243,0.27252191269204357,0.516352327107412,0.9067823029115004,1.0,67706040.06482777,0.6183044997842666,0.5769501752481192,0.6875007275998359,True,True
24.0,84.68728484428935,0.1,0.3,0.7,0.011188478502190484,0.3637330543373243,0.27252191269204357,0.516352327107412,0.9670731286449818,1.7228732275000502,116648923.76773754,0.6594147957472866,0.6153108736881955,0.7332117945519319,True,True
24.0,88.75878892334173,0.15,0.3,0.7,0.011188478502190484,0.3637330543373243,0.27252191269204357,0.516352327107412,0.9604570000353636,1.9298353494244838,130661509.486655,0.654903479108945,0.6111012893717315,0.7281956035451136,True,True
24.0,81.43008158104745,0.0,0.6,0.3,0.07106755789354326,0.653639214794481,0.5488398053991853,0.6861174678346128,0.8749793064132703,1.0,430058735.967332,0.7234500466093299,0.6776013893367218,0.7376589462686145,False,True
24.0,84.68728484428935,0.1,0.6,0.3,0.07106755789354326,0.653639214794481,0.5488398053991853,0.6861174678346128,0.9338758824940476,1.2619278278328425,542703086.5197933,0.7721468905214799,0.7232120700545366,0.787312219131339,False,True
24.0,88.75878892334173,0.15,0.6,0.3,0.07106755789354326,0.653639214794481,0.5488398053991853,0.6861174678346128,0.9212089959548667,1.5680134842068083,674337896.9977121,0.761673660366209,0.7134025810133573,0.7766332898029429,False,True
24.0,81.43008158104745,0.0,0.6,0.5,0.015350592505005336,0.41818677096905404,0.30552204620309303,0.570779902894646,0.8663661861832036,1.0,92892686.96894366,0.6143345320299659,0.5655300780735328,0.6804352969020288,True,True
24.0,84.68728484428935,0.1,0.6,0.5,0.015350592505005336,0.41818677096905404,0.30552204620309303,0.570779902894646,0.9473691289401064,1.6558798646036643,153819129.920805,0.6717731829436675,0.6184056418617647,0.7440541941809629,True,True
24.0,88.75878892334173,0.15,0.6,0.5,0.015350592505005336,0.41818677096905404,0.30552204620309303,0.570779902894646,0.9341897828377606,1.9679749474672363,182810480.75779733,0.6624277957974828,0.6098026784161881,0.733703268185534,True,True
24.0,81.43008158104745,0.0,0.6,0.7,0.005594239251095242,0.34439789271779886,0.26080438532440264,0.49702644745217595,0.8503713678896534,1.0,33853020.032413885,0.571618737509201,0.536075974894793,0.6365142139434476,True,True
24.0,84.68728484428935,0.1,0.6,0.7,0.005594239251095242,0.34439789271779886,0.26080438532440264,0.49702644745217595,0.9115247731452154,1.8399087954738962,62286469.31099231,0.6127259920882486,0.5746272156566594,0.6822883464531162,True,True
24.0,88.75878892334173,0.15,0.6,0.7,0.005594239251095242,0.34439789271779886,0.26080438532440264,0.49702644745217595,0.9282969436850292,2.019532593194741,68367277.33353433,0.6240002274532632,0.5852004287406625,0.694842537892756,True,True
24.0,81.43008158104745,0.0,1.0,0.3,0.04264053473612595,0.6035183916671417,0.44778260004734965,0.6679197562230548,0.8342294815770418,1.0,258035241.5803992,0.6688511582898657,0.6038914639368811,0.6957139167730325,True,True
24.0,84.68728484428935,0.1,1.0,0.3,0.04264053473612595,0.6035183916671417,0.44778260004734965,0.6679197562230548,0.9226604652350907,1.5489815943424299,399691839.8997408,0.7397515126343146,0.6679058836594784,0.7694618091257814,True,True
24.0,88.75878892334173,0.15,1.0,0.3,0.04264053473612595,0.6035183916671417,0.44778260004734965,0.6679197562230548,0.9185936707662771,1.8632171509156128,480775687.65325326,0.7364909227713782,0.6649619665245199,0.7660702657062649,False,True
24.0,81.43008158104745,0.0,1.0,0.5,0.009210355503003203,0.34439789271779886,0.26080438532440264,0.49702644745217595,0.8196538846444962,1.0,55735612.181366205,0.5509704776370092,0.5167116061039814,0.6135217715348629,True,True
24.0,84.68728484428935,0.1,1.0,0.5,0.009210355503003203,0.34439789271779886,0.26080438532440264,0.49702644745217595,0.8868737717072662,1.8287360593203972,101925723.78436156,0.5961556148949675,0.5590871702988572,0.6638367458987204,True,True
24.0,88.75878892334173,0.15,1.0,0.5,0.009210355503003203,0.34439789271779886,0.26080438532440264,0.49702644745217595,0.9108010384666032,2.1766801636873927,121318601.44615322,0.6122394983998422,0.5741709717283566,0.6817466214757059,True,True
24.0,81.43008158104745,0.0,1.0,0.7,0.0033565435506571453,0.34439789271779886,0.26080438532440264,0.49702644745217595,0.7924098380908393,1.0,20311812.019448336,0.5326570582490883,0.49953689941956503,0.5931292424216416,True,True
24.0,84.68728484428935,0.1,1.0,0.7,0.0033565435506571453,0.34439789271779886,0.26080438532440264,0.49702644745217595,0.8819784100765838,2.143542593196637,43539234.20869091,0.592864957964777,0.5560011235930006,0.6601725029832334,True,True
24.0,88.75878892334173,0.15,1.0,0.7,0.0033565435506571453,0.34439789271779886,0.26080438532440264,0.49702644745217595,0.8699240997012201,2.080124547987701,42251098.79576612,0.5847620632313744,0.5484020599013406,0.651149692264375,True,True
26.0,95.56724852220151,0.0,0.3,0.3,0.1117931179244813,0.6773703350947118,0.6205742838009108,0.6963742331680732,0.9197106661229045,1.0,676505685.7091938,0.7713476941123785,0.7452297270280923,0.7800867379903701,False,True
26.0,99.38993846308958,0.1,0.3,0.3,0.1117931179244813,0.6773703350947118,0.6205742838009108,0.6963742331680732,0.9717143552512466,1.151680648019845,779118506.5066739,0.8149624168420627,0.7873676476601763,0.8241955971238711,False,True
26.0,104.16830088919966,0.15,0.3,0.3,0.1117931179244813,0.6773703350947118,0.6205742838009108,0.6963742331680732,0.9920376702282916,1.2087966512751571,817757807.4538774,0.8320072796687034,0.8038353684668689,0.8414335710536801,False,True
26.0,95.56724852220151,0.0,0.3,0.5,0.02414731347168796,0.5000117815474755,0.36084103128269596,0.6297161935076299,0.9145438907578087,1.0,146125228.11318585,0.6859133054394901,0.6222744257260728,0.7452234942207369,True,True
26.0,99.38993846308958,0.1,0.3,0.5,0.02414731347168796,0.5000117815474755,0.36084103128269596,0.6297161935076299,0.9783208997317431,1.271431304860563,185788189.4529953,0.7337464378658705,0.6656696110581801,0.7971927063698879,True,True
26.0,104.16830088919966,0.15,0.3,0.5,0.02414731347168796,0.5000117815474755,0.36084103128269596,0.6297161935076299,0.9665343472441825,1.6404509398191112,239711267.78955773,0.7249064540682862,0.6576497989369604,0.7875883386425855,True,True
26.0,95.56724852220151,0.0,0.3,0.7,0.008800041352655963,0.34439789271779886,0.26080438532440264,0.49702644745217595,0.9067823029115004,1.0,53252634.15203566,0.6095381085940069,0.5716375520226903,0.6787385447700531,True,True
26.0,99.38993846308958,0.1,0.3,0.7,0.008800041352655963,0.34439789271779886,0.26080438532440264,0.49702644745217595,0.9670731286449818,1.7228732275000502,91747537.67439708,0.6500655381271612,0.6096450207624916,0.7238670251009292,True,True
26.0,104.16830088919966,0.15,0.3,0.7,0.008800041352655963,0.34439789271779886,0.26080438532440264,0.49702644745217595,0.9604570000353636,1.9298353494244838,102768815.83656794,0.6456181834468009,0.6054741987800532,0.7189147653467574,True,True
26.0,95.56724852220151,0.0,0.6,0.3,0.05589655896224065,0.6304515256475588,0.5016403534535343,0.6776685190390408,0.8749793064132703,1.0,338252842.8545969,0.7133056725257796,0.6569521174734757,0.733962618590079,True,True
26.0,99.38993846308958,0.1,0.6,0.3,0.05589655896224065,0.6304515256475588,0.5016403534535343,0.6776685190390408,0.9338758824940476,1.2619278278328425,426850675.2417853,0.7613196786889401,0.7011728551350465,0.7833670843750331,False,True
26.0,104.16830088919966,0.15,0.6,0.3,0.05589655896224065,0.6304515256475588,0.5016403534535343,0.6776685190390408,0.9212089959548667,1.5680134842068083,530385018.6672945,0.7509933064474341,0.6916623011451207,0.7727416659845214,False,True
26.0,95.56724852220151,0.0,0.6,0.5,0.01207365673584398,0.3768427034736441,0.28046664444850705,0.5294556828753327,0.8663661861832036,1.0,73062614.05659293,0.5964249809913162,0.5546765016428287,0.6625343434544647,True,True
26.0,99.38993846308958,0.1,0.6,0.5,0.01207365673584398,0.3768427034736441,0.28046664444850705,0.5294556828753327,0.9473691289401064,1.6558798646036643,120982911.47162087,0.6521891363386837,0.6065372847940216,0.7244795490190498,True,True
26.0,104.16830088919966,0.15,0.6,0.5,0.01207365673584398,0.3768427034736441,0.28046664444850705,0.5294556828753327,0.9341897828377606,1.9679749474672363,143785394.05984244,0.6431161930798994,0.5980994282541734,0.7144009361226429,True,True
26.0,95.56724852220151,0.0,0.6,0.7,0.004400020676327982,0.34439789271779886,0.26080438532440264,0.49702644745217595,0.8503713678896534,1.0,26626317.07601783,0.571618737509201,0.536075974894793,0.6365142139434476,True,True
26.0,99.38993846308958,0.1,0.6,0.7,0.004400020676327982,0.34439789271779886,0.26080438532440264,0.49702644745217595,0.9115247731452154,1.8399087954738962,48989994.979242,0.6127259920882486,0.5746272156566594,0.6822883464531162,True,True
26.0,104.16830088919966,0.15,0.6,0.7,0.004400020676327982,0.34439789271779886,0.26080438532440264,0.49702644745217595,0.9282969436850292,2.019532593194741,53772715.17175571,0.6240002274532632,0.5852004287406625,0.694842537892756,True,True
26.0,95.56724852220151,0.0,1.0,0.3,0.03353793537734439,0.5632425128679142,0.4091513722546556,0.6530837344820548,0.8342294815770418,1.0,202951705.71275815,0.652051495544496,0.5877778093697892,0.6895255934102024,True,True
26.0,99.38993846308958,0.1,1.0,0.3,0.03353793537734439,0.5632425128679142,0.4091513722546556,0.6530837344820548,0.9226604652350907,1.5489815943424299,314368456.68946373,0.721171032098991,0.6500841303555736,0.7626175037648869,True,True
26.0,104.16830088919966,0.15,1.0,0.3,0.03353793537734439,0.5632425128679142,0.4091513722546556,0.6530837344820548,0.9185936707662771,1.8632171509156128,378143098.89158916,0.7179923390966182,0.6472187658523704,0.7592561278709482,True,True
26.0,95.56724852220151,0.0,1.0,0.5,0.0072441940415063875,0.34439789271779886,0.26080438532440264,0.49702644745217595,0.8196538846444962,1.0,43837568.43395575,0.5509704776370092,0.5167116061039814,0.6135217715348629,True,True
26.0,99.38993846308958,0.1,1.0,0.5,0.0072441940415063875,0.34439789271779886,0.26080438532440264,0.49702644745217595,0.8868737717072662,1.8287360593203972,80167342.14810048,0.5961556148949675,0.5590871702988572,0.6638367458987204,True,True
26.0,104.16830088919966,0.15,1.0,0.5,0.0072441940415063875,0.34439789271779886,0.26080438532440264,0.49702644745217595,0.9108010384666032,2.1766801636873927,95420365.63448009,0.6122394983998422,0.5741709717283566,0.6817466214757059,True,True
26.0,95.56724852220151,0.0,1.0,0.7,0.0026400124057967887,0.34439789271779886,0.26080438532440264,0.49702644745217595,0.7924098380908393,1.0,15975790.2456107,0.5326570582490883,0.49953689941956503,0.5931292424216416,True,True
26.0,99.38993846308958,0.1,1.0,0.7,0.0026400124057967887,0.34439789271779886,0.26080438532440264,0.49702644745217595,0.8819784100765838,2.143542593196637,34244786.851441905,0.592864957964777,0.5560011235930006,0.6601725029832334,True,True
26.0,104.16830088919966,0.15,1.0,0.7,0.0026400124057967887,0.34439789271779886,0.26080438532440264,0.49702644745217595,0.8699240997012201,2.080124547987701,33231633.463397283,0.5847620632313744,0.5484020599013406,0.651149692264375,True,True
