plate_radius,plate_mass_t,d_over_d,l_over_d,r_foot_over_r,rho_impact,e_eff,e_eff_lo,e_eff_hi,eta_capture,focusing_factor,peak_compressive,f,f_lo,f_hi,survives_baseline,survives_relaxed
8.0,9.047786842338605,0.0,0.3,0.3,3.837648126251335,0.4734462441440275,0.4221922756670009,0.5827137969520892,0.9197106661229045,1.0,22366585324.324226,0.6775721133489977,0.6540027026042734,0.7278193802383587,False,False
8.0,9.409698316032149,0.1,0.3,0.3,3.837648126251335,0.4734462441440275,0.4221922756670009,0.5827137969520892,0.9717143552512466,1.151680648019845,25759163480.30888,0.7158844335628923,0.6909823250965315,0.7689728583762759,False,False
8.0,9.862087658149079,0.15,0.3,0.3,3.837648126251335,0.4734462441440275,0.4221922756670009,0.5827137969520892,0.9920376702282916,1.2087966512751571,27036653440.5032,0.7308570896236338,0.705434155884682,0.7850558538832619,False,False
8.0,9.047786842338605,0.0,0.3,0.5,0.8289319952702883,0.4734462441440275,0.4221922756670009,0.5827137969520892,0.9145438907578087,1.0,4831182430.054032,0.6737656304709795,0.6503286285971005,0.723730616910314,False,False
8.0,9.409698316032149,0.1,0.3,0.5,0.8289319952702883,0.4734462441440275,0.4221922756670009,0.5827137969520892,0.9783208997317431,1.271431304860563,6142516581.063024,0.7207516276386713,0.6956802133610378,0.7742009929260056,False,False
8.0,9.862087658149079,0.15,0.3,0.5,0.8289319952702883,0.4734462441440275,0.4221922756670009,0.5827137969520892,0.9665343472441825,1.6404509398191112,7925317757.819715,0.7120682018915699,0.6872988414087616,0.7648736233057246,False,False
8.0,9.047786842338605,0.0,0.3,0.7,0.302088919559143,0.4734462441440275,0.4221922756670009,0.5827137969520892,0.9067823029115004,1.0,1760634996.3753767,0.6680474892406111,0.6448093934561353,0.7175884308250102,False,False
8.0,9.409698316032149,0.1,0.3,0.7,0.302088919559143,0.4734462441440275,0.4221922756670009,0.5827137969520892,0.9670731286449818,1.7228732275000502,3033350898.6547847,0.7124651346072812,0.6876819667820065,0.7652999916840177,False,False
8.0,9.862087658149079,0.15,0.3,0.7,0.302088919559143,0.4734462441440275,0.4221922756670009,0.5827137969520892,0.9604570000353636,1.9298353494244838,3397735653.4390497,0.7075908796819733,0.6829772632802973,0.7600642726675916,False,False
8.0,9.047786842338605,0.0,0.6,0.3,1.9188240631256674,0.4734462441440275,0.4221922756670009,0.5827137969520892,0.8749793064132703,1.0,11183292662.162113,0.6446174863691896,0.6221944054747115,0.6924209101539263,False,False
8.0,9.409698316032149,0.1,0.6,0.3,1.9188240631256674,0.4734462441440275,0.4221922756670009,0.5827137969520892,0.9338758824940476,1.2619278278328425,14112508217.181202,0.6880079557787718,0.6640755332573691,0.7390291219320686,False,False
8.0,9.862087658149079,0.15,0.6,0.3,1.9188240631256674,0.4734462441440275,0.4221922756670009,0.5827137969520892,0.9212089959548667,1.5680134842068083,17535553692.10125,0.6786759675806945,0.6550681591609825,0.7290050938870745,False,False
8.0,9.047786842338605,0.0,0.6,0.5,0.41446599763514413,0.4734462441440275,0.4221922756670009,0.5827137969520892,0.8663661861832036,1.0,2415591215.027016,0.6382720015425133,0.6160696489444155,0.6856048580424594,False,False
8.0,9.409698316032149,0.1,0.6,0.5,0.41446599763514413,0.4734462441440275,0.4221922756670009,0.5827137969520892,0.9473691289401064,1.6558798646036643,3999928854.0767365,0.6979487424273993,0.6736705286919972,0.7497070955899946,False,False
8.0,9.862087658149079,0.15,0.6,0.5,0.41446599763514413,0.4734462441440275,0.4221922756670009,0.5827137969520892,0.9341897828377606,1.9679749474672363,4753822994.49511,0.6882392134200115,0.664298746579448,0.7392775291344998,False,False
8.0,9.047786842338605,0.0,0.6,0.7,0.1510444597795715,0.46786612329193383,0.4194111473602743,0.5755047438091274,0.8503713678896534,1.0,880317498.1876884,0.6241156615713223,0.6035132994892894,0.6698820620548028,False,True
8.0,9.409698316032149,0.1,0.6,0.7,0.1510444597795715,0.46786612329193383,0.4194111473602743,0.5755047438091274,0.9115247731452154,1.8399087954738962,1619703907.7251034,0.6689981675206134,0.646914212048682,0.7180558020949128,False,False
8.0,9.862087658149079,0.15,0.6,0.7,0.1510444597795715,0.46786612329193383,0.4194111473602743,0.5755047438091274,0.9282969436850292,2.019532593194741,1777829879.9496891,0.6813078179953472,0.6588175149635017,0.731268119219639,False,False
8.0,9.047786842338605,0.0,1.0,0.3,1.1512944378754004,0.4734462441440275,0.4221922756670009,0.5827137969520892,0.8342294815770418,1.0,6709975597.297267,0.6145961481919557,0.5932173624162778,0.6601732551580864,False,False
8.0,9.409698316032149,0.1,1.0,0.3,1.1512944378754004,0.4734462441440275,0.4221922756670009,0.5827137969520892,0.9226604652350907,1.5489815943424299,10393628698.70032,0.6797452985604128,0.6561002933603337,0.7301537241149058,False,False
8.0,9.862087658149079,0.15,1.0,0.3,1.1512944378754004,0.4734462441440275,0.4221922756670009,0.5827137969520892,0.9185936707662771,1.8632171509156128,12502141615.1095,0.6767491970425231,0.6532084115201977,0.7269354382573259,False,False
8.0,9.047786842338605,0.0,1.0,0.5,0.24867959858108646,0.4734462441440275,0.4221922756670009,0.5827137969520892,0.8196538846444962,1.0,1449354729.0162096,0.6038579689137474,0.5828527117309268,0.6486387559761102,False,False
8.0,9.409698316032149,0.1,1.0,0.5,0.24867959858108646,0.4734462441440275,0.4221922756670009,0.5827137969520892,0.8868737717072662,1.8287360593203972,2650487255.6984854,0.6533804139759596,0.6306525138068666,0.7018336773180138,False,False
8.0,9.862087658149079,0.15,1.0,0.5,0.24867959858108646,0.4734462441440275,0.4221922756670009,0.5827137969520892,0.9108010384666032,2.1766801636873927,3154781688.7960997,0.6710081846455482,0.647667100788343,0.7207686849296917,False,False
8.0,9.047786842338605,0.0,1.0,0.7,0.0906266758677429,0.42046290046599033,0.4011687087864035,0.5124746209189205,0.7924098380908393,1.0,528190498.91261286,0.5627943884861497,0.5551499348336922,0.5992498847394326,False,True
8.0,9.409698316032149,0.1,1.0,0.7,0.0906266758677429,0.42046290046599033,0.4011687087864035,0.5124746209189205,0.8819784100765838,2.143542593196637,1132198831.7409678,0.6264088052628835,0.6179002750122461,0.6669849807196266,False,False
8.0,9.862087658149079,0.15,1.0,0.7,0.0906266758677429,0.42046290046599033,0.4011687087864035,0.5124746209189205,0.8699240997012201,2.080124547987701,1098702022.8019972,0.6178474549234302,0.6094552137602666,0.6578690614619179,False,False
10.0,14.137166941154067,0.0,0.3,0.3,1.964875840640683,0.4734462441440275,0.4221922756670009,0.5827137969520892,0.9197106661229045,1.0,11451691686.054,0.6775721133489977,0.6540027026042734,0.7278193802383587,False,False
10.0,14.702653618800232,0.1,0.3,0.3,1.964875840640683,0.4734462441440275,0.4221922756670009,0.5827137969520892,0.9717143552512466,1.151680648019845,13188691701.918142,0.7158844335628923,0.6909823250965315,0.7689728583762759,False,False
10.0,15.409511965857934,0.15,0.3,0.3,1.964875840640683,0.4734462441440275,0.4221922756670009,0.5827137969520892,0.9920376702282916,1.2087966512751571,13842766561.537634,0.7308570896236338,0.705434155884682,0.7850558538832619,False,False
10.0,14.137166941154067,0.0,0.3,0.5,0.4244131815783876,0.4734462441440275,0.4221922756670009,0.5827137969520892,0.9145438907578087,1.0,2473565404.187664,0.6737656304709795,0.6503286285971005,0.723730616910314,False,False
10.0,14.702653618800232,0.1,0.3,0.5,0.4244131815783876,0.4734462441440275,0.4221922756670009,0.5827137969520892,0.9783208997317431,1.271431304860563,3144968489.5042677,0.7207516276386713,0.6956802133610378,0.7742009929260056,False,False
10.0,15.409511965857934,0.15,0.3,0.5,0.4244131815783876,0.4734462441440275,0.4221922756670009,0.5827137969520892,0.9665343472441825,1.6404509398191112,4057762692.003693,0.7120682018915699,0.6872988414087616,0.7648736233057246,False,False
10.0,14.137166941154067,0.0,0.3,0.7,0.1546695268142812,0.47016372807710055,0.4205562719686957,0.5784730585529875,0.9067823029115004,1.0,901445118.1441926,0.666559225501355,0.6440676438555748,0.7156657175592188,False,False
10.0,14.702653618800232,0.1,0.3,0.7,0.1546695268142812,0.47016372807710055,0.4205562719686957,0.5784730585529875,0.9670731286449818,1.7228732275000502,1553075660.1112492,0.7108779180659459,0.6868908991745092,0.7632494396083257,False,False
10.0,15.409511965857934,0.15,0.3,0.7,0.1546695268142812,0.47016372807710055,0.4205562719686957,0.5784730585529875,0.9604570000353636,1.9298353494244838,1739640654.560793,0.706014521914869,0.6821916076782368,0.7580277492272236,False,False
10.0,14.137166941154067,0.0,0.6,0.3,0.9824379203203415,0.4734462441440275,0.4221922756670009,0.5827137969520892,0.8749793064132703,1.0,5725845843.027,0.6446174863691896,0.6221944054747115,0.6924209101539263,False,False
10.0,14.702653618800232,0.1,0.6,0.3,0.9824379203203415,0.4734462441440275,0.4221922756670009,0.5827137969520892,0.9338758824940476,1.2619278278328425,7225604207.196774,0.6880079557787718,0.6640755332573691,0.7390291219320686,False,False
10.0,15.409511965857934,0.15,0.6,0.3,0.9824379203203415,0.4734462441440275,0.4221922756670009,0.5827137969520892,0.9212089959548667,1.5680134842068083,8978203490.355837,0.6786759675806945,0.6550681591609825,0.7290050938870745,False,False
10.0,14.137166941154067,0.0,0.6,0.5,0.2122065907891938,0.4734462441440275,0.4221922756670009,0.5827137969520892,0.8663661861832036,1.0,1236782702.093832,0.6382720015425133,0.6160696489444155,0.6856048580424594,False,False
10.0,14.702653618800232,0.1,0.6,0.5,0.2122065907891938,0.4734462441440275,0.4221922756670009,0.5827137969520892,0.9473691289401064,1.6558798646036643,2047963573.2872887,0.6979487424273993,0.6736705286919972,0.7497070955899946,False,False
10.0,15.409511965857934,0.15,0.6,0.5,0.2122065907891938,0.4734462441440275,0.4221922756670009,0.5827137969520892,0.9341897828377606,1.9679749474672363,2433957373.1814957,0.6882392134200115,0.664298746579448,0.7392775291344998,False,False
10.0,14.137166941154067,0.0,0.6,0.7,0.0773347634071406,0.40680408940432233,0.39876838216565524,0.4933638697746755,0.8503713678896534,1.0,450722559.0720963,0.598152958929756,0.5947362912515028,0.6349569383486384,False,True
10.0,14.702653618800232,0.1,0.6,0.7,0.0773347634071406,0.40680408940432233,0.39876838216565524,0.4933638697746755,0.9115247731452154,1.8399087954738962,829288400.7552527,0.6411683892270181,0.6375060161181244,0.680619081309811,False,True
10.0,15.409511965857934,0.15,0.6,0.7,0.0773347634071406,0.40680408940432233,0.39876838216565524,0.4933638697746755,0.9282969436850292,2.019532593194741,910248898.5342406,0.6529659682788165,0.6492362070438153,0.6931425580607395,False,False
10.0,14.137166941154067,0.0,1.0,0.3,0.589462752192205,0.4734462441440275,0.4221922756670009,0.5827137969520892,0.8342294815770418,1.0,3435507505.8162007,0.6145961481919557,0.5932173624162778,0.6601732551580864,False,False
10.0,14.702653618800232,0.1,1.0,0.3,0.589462752192205,0.4734462441440275,0.4221922756670009,0.5827137969520892,0.9226604652350907,1.5489815943424299,5321537893.734563,0.6797452985604128,0.6561002933603337,0.7301537241149058,False,False
10.0,15.409511965857934,0.15,1.0,0.3,0.589462752192205,0.4734462441440275,0.4221922756670009,0.5827137969520892,0.9185936707662771,1.8632171509156128,6401096506.936065,0.6767491970425231,0.6532084115201977,0.7269354382573259,False,False
10.0,14.137166941154067,0.0,1.0,0.5,0.12732395447351627,0.45131556279418106,0.4111623596525277,0.5541227928914627,0.8196538846444962,1.0,742069621.2562993,0.5947882194446319,0.578332354976644,0.6369213922040206,False,True
10.0,14.702653618800232,0.1,1.0,0.5,0.12732395447351627,0.45131556279418106,0.4111623596525277,0.5541227928914627,0.8868737717072662,1.8287360593203972,1357049474.9176242,0.6435668535563646,0.6257614421981815,0.689155371513941,False,False
10.0,15.409511965857934,0.15,1.0,0.5,0.12732395447351627,0.45131556279418106,0.4111623596525277,0.5541227928914627,0.9108010384666032,2.1766801636873927,1615248224.663603,0.6609298608678414,0.6426440713082523,0.7077483268350809,False,False
10.0,14.137166941154067,0.0,1.0,0.7,0.046400858044284364,0.42465365237003705,0.3678105054990236,0.4373871398947128,0.7924098380908393,1.0,270433535.4432578,0.564454785005032,0.5419332506007152,0.569499855398912,True,True
10.0,14.702653618800232,0.1,1.0,0.7,0.046400858044284364,0.42465365237003705,0.3678105054990236,0.4373871398947128,0.8819784100765838,2.143542593196637,579685801.8513756,0.6282568816135617,0.6031896674630386,0.6338722121544336,False,True
10.0,15.409511965857934,0.15,1.0,0.7,0.046400858044284364,0.42465365237003705,0.3678105054990236,0.4373871398947128,0.8699240997012201,2.080124547987701,562535435.6746225,0.6196702729620297,0.5949456612790543,0.6252088567975099,False,True
12.0,20.35752039526186,0.0,0.3,0.3,1.137080926296692,0.4734462441440275,0.4221922756670009,0.5827137969520892,0.9197106661229045,1.0,6627136392.3923645,0.6775721133489977,0.6540027026042734,0.7278193802383587,False,False
12.0,21.171821211072338,0.1,0.3,0.3,1.137080926296692,0.4734462441440275,0.4221922756670009,0.5827137969520892,0.9717143552512466,1.151680648019845,7632344734.906336,0.7158844335628923,0.6909823250965315,0.7689728583762759,False,False
12.0,22.18969723083543,0.15,0.3,0.3,1.137080926296692,0.4734462441440275,0.4221922756670009,0.5827137969520892,0.9920376702282916,1.2087966512751571,8010860278.667616,0.7308570896236338,0.705434155884682,0.7850558538832619,False,False
12.0,20.35752039526186,0.0,0.3,0.5,0.24560948008008537,0.4734462441440275,0.4221922756670009,0.5827137969520892,0.9145438907578087,1.0,1431461460.75675,0.6737656304709795,0.6503286285971005,0.723730616910314,False,False
12.0,21.171821211072338,0.1,0.3,0.5,0.24560948008008537,0.4734462441440275,0.4221922756670009,0.5827137969520892,0.9783208997317431,1.271431304860563,1820004912.9075625,0.7207516276386713,0.6956802133610378,0.7742009929260056,False,False
12.0,22.18969723083543,0.15,0.3,0.5,0.24560948008008537,0.4734462441440275,0.4221922756670009,0.5827137969520892,0.9665343472441825,1.6404509398191112,2348242298.6132483,0.7120682018915699,0.6872988414087616,0.7648736233057246,False,False
12.0,20.35752039526186,0.0,0.3,0.7,0.08950782801752387,0.41939309294865557,0.40098070651802586,0.5109777977222512,0.9067823029115004,1.0,521669628.5556672,0.6435402687803297,0.6351922556954982,0.6850639635333651,False,True
12.0,21.171821211072338,0.1,0.3,0.7,0.08950782801752387,0.41939309294865557,0.40098070651802586,0.5109777977222512,0.9670731286449818,1.7228732275000502,898770636.6384548,0.6863284595874669,0.6774253975118223,0.7306130130781809,False,True
12.0,22.18969723083543,0.15,0.3,0.7,0.08950782801752387,0.41939309294865557,0.40098070651802586,0.5109777977222512,0.9604570000353636,1.9298353494244838,1006736489.9078667,0.6816330159621908,0.6727908632448637,0.7256146013601769,False,False
12.0,20.35752039526186,0.0,0.6,0.3,0.568540463148346,0.4734462441440275,0.4221922756670009,0.5827137969520892,0.8749793064132703,1.0,3313568196.1961823,0.6446174863691896,0.6221944054747115,0.6924209101539263,False,False
12.0,21.171821211072338,0.1,0.6,0.3,0.568540463148346,0.4734462441440275,0.4221922756670009,0.5827137969520892,0.9338758824940476,1.2619278278328425,4181483916.2018385,0.6880079557787718,0.6640755332573691,0.7390291219320686,False,False
12.0,22.18969723083543,0.15,0.6,0.3,0.568540463148346,0.4734462441440275,0.4221922756670009,0.5827137969520892,0.9212089959548667,1.5680134842068083,5195719612.474444,0.6786759675806945,0.6550681591609825,0.7290050938870745,False,False
12.0,20.35752039526186,0.0,0.6,0.5,0.12280474004004269,0.4478144916729414,0.40941742826891986,0.5495996994963017,0.8663661861832036,1.0,715730730.378375,0.6271687597257299,0.6105358010347415,0.6712603908816246,False,True
12.0,21.171821211072338,0.1,0.6,0.5,0.12280474004004269,0.4478144916729414,0.40941742826891986,0.5495996994963017,0.9473691289401064,1.6558798646036643,1185164104.9116254,0.6858073769215287,0.6676192806660657,0.734021458758831,False,False
12.0,22.18969723083543,0.15,0.6,0.5,0.12280474004004269,0.4478144916729414,0.40941742826891986,0.5495996994963017,0.9341897828377606,1.9679749474672363,1408540146.5170693,0.6762667527826539,0.6583316806211486,0.7238101033789546,False,False
12.0,20.35752039526186,0.0,0.6,0.7,0.044753914008761934,0.4270612985663862,0.36513754236783225,0.4335225592802018,0.8503713678896534,1.0,260834814.2778336,0.6067660342621415,0.5804369396304266,0.6095132698178909,True,True
12.0,21.171821211072338,0.1,0.6,0.7,0.044753914008761934,0.4270612985663862,0.36513754236783225,0.4335225592802018,0.9115247731452154,1.8399087954738962,479912268.95558625,0.6504008632200209,0.6221783443094275,0.6533456628232173,False,True
12.0,22.18969723083543,0.15,0.6,0.7,0.044753914008761934,0.4270612985663862,0.36513754236783225,0.4335225592802018,0.9282969436850292,2.019532593194741,526764408.873982,0.6623683209551826,0.6336265041448754,0.6653673052416762,False,True
12.0,20.35752039526186,0.0,1.0,0.3,0.3411242778890076,0.4734462441440275,0.4221922756670009,0.5827137969520892,0.8342294815770418,1.0,1988140917.7177093,0.6145961481919557,0.5932173624162778,0.6601732551580864,False,False
12.0,21.171821211072338,0.1,1.0,0.3,0.3411242778890076,0.4734462441440275,0.4221922756670009,0.5827137969520892,0.9226604652350907,1.5489815943424299,3079593688.503799,0.6797452985604128,0.6561002933603337,0.7301537241149058,False,False
12.0,22.18969723083543,0.15,1.0,0.3,0.3411242778890076,0.4734462441440275,0.4221922756670009,0.5827137969520892,0.9185936707662771,1.8632171509156128,3704338256.328742,0.6767491970425231,0.6532084115201977,0.7269354382573259,False,False
12.0,20.35752039526186,0.0,1.0,0.5,0.07368284402402563,0.4026382338360726,0.3980362969223997,0.48753520513408216,0.8196538846444962,1.0,429438438.2270251,0.574838938557316,0.5729529408232257,0.609632004716799,False,True
12.0,21.171821211072338,0.1,1.0,0.5,0.07368284402402563,0.4026382338360726,0.3980362969223997,0.48753520513408216,0.8868737717072662,1.8287360593203972,785329557.2439957,0.621981530391508,0.6199408618176141,0.6596279789623027,False,True
12.0,22.18969723083543,0.15,1.0,0.5,0.07368284402402563,0.4026382338360726,0.3980362969223997,0.48753520513408216,0.9108010384666032,2.1766801636873927,934750130.0136592,0.6387621799854285,0.6366664555254631,0.6774243047958769,False,False
12.0,20.35752039526186,0.0,1.0,0.7,0.026852348405257163,0.3848060666753519,0.3345286449574257,0.5034975648661764,0.7924098380908393,1.0,156500888.56670016,0.5486669755407139,0.5287468137391504,0.595693130972789,True,True
12.0,21.171821211072338,0.1,1.0,0.7,0.026852348405257163,0.3848060666753519,0.3345286449574257,0.5034975648661764,0.8819784100765838,2.143542593196637,335466320.51584244,0.6106845264753673,0.588512726240604,0.6630261959073429,True,True
12.0,22.18969723083543,0.15,1.0,0.7,0.026852348405257163,0.3848060666753519,0.3345286449574257,0.5034975648661764,0.8699240997012201,2.080124547987701,325541340.08948076,0.6023380854066717,0.5804693149950388,0.6539643827595926,True,True
14.0,27.708847204661975,0.0,0.3,0.3,0.7160626241401905,0.4734462441440275,0.4221922756670009,0.5827137969520892,0.9197106661229045,1.0,4173357028.445335,0.6775721133489977,0.6540027026042734,0.7278193802383587,False,False
14.0,28.817201092848457,0.1,0.3,0.3,0.7160626241401905,0.4734462441440275,0.4221922756670009,0.5827137969520892,0.9717143552512466,1.151680648019845,4806374526.938098,0.7158844335628923,0.6909823250965315,0.7689728583762759,False,False
14.0,30.202643453081556,0.15,0.3,0.3,0.7160626241401905,0.4734462441440275,0.4221922756670009,0.5827137969520892,0.9920376702282916,1.2087966512751571,5044740000.560362,0.7308570896236338,0.705434155884682,0.7850558538832619,False,False
14.0,27.708847204661975,0.0,0.3,0.5,0.1546695268142812,0.47016372807710055,0.4205562719686957,0.5784730585529875,0.9145438907578087,1.0,901445118.1441926,0.6722646279633183,0.6495805300033295,0.7217914462127138,False,False
14.0,28.817201092848457,0.1,0.3,0.5,0.1546695268142812,0.47016372807710055,0.4205562719686957,0.5784730585529875,0.9783208997317431,1.271431304860563,1146125542.8222551,0.7191459506026813,0.6948799450559926,0.7721265914229376,False,False
14.0,30.202643453081556,0.15,0.3,0.5,0.1546695268142812,0.47016372807710055,0.4205562719686957,0.5784730585529875,0.9665343472441825,1.6404509398191112,1478776491.2549903,0.7104818696295371,0.6865082145254464,0.7628242136455201,False,False
14.0,27.708847204661975,0.0,0.3,0.7,0.056366445632026696,0.411691986673993,0.38220051619780904,0.4581922739948391,0.9067823029115004,1.0,328514984.746426,0.6400486553389773,0.626677483581657,0.661131474150399,True,True
14.0,28.817201092848457,0.1,0.3,0.7,0.056366445632026696,0.411691986673993,0.38220051619780904,0.4581922739948391,0.9670731286449818,1.7228732275000502,565989672.0522047,0.6826046931179343,0.6683444888070621,0.7050892822890649,False,True
14.0,30.202643453081556,0.15,0.3,0.7,0.056366445632026696,0.411691986673993,0.38220051619780904,0.4581922739948391,0.9604570000353636,1.9298353494244838,633979830.379298,0.6779347252474329,0.6637720806173394,0.7002654884779141,False,True
14.0,27.708847204661975,0.0,0.6,0.3,0.35803131207009525,0.4734462441440275,0.4221922756670009,0.5827137969520892,0.8749793064132703,1.0,2086678514.2226675,0.6446174863691896,0.6221944054747115,0.6924209101539263,False,False
14.0,28.817201092848457,0.1,0.6,0.3,0.35803131207009525,0.4734462441440275,0.4221922756670009,0.5827137969520892,0.9338758824940476,1.2619278278328425,2633237684.838474,0.6880079557787718,0.6640755332573691,0.7390291219320686,False,False
14.0,30.202643453081556,0.15,0.6,0.3,0.35803131207009525,0.4734462441440275,0.4221922756670009,0.5827137969520892,0.9212089959548667,1.5680134842068083,3271940047.5057707,0.6786759675806945,0.6550681591609825,0.7290050938870745,False,False
14.0,27.708847204661975,0.0,0.6,0.5,0.0773347634071406,0.40680408940432233,0.39876838216565524,0.4933638697746755,0.8663661861832036,1.0,450722559.0720963,0.6094037468220787,0.6059228143052542,0.6468999802202379,False,True
14.0,28.817201092848457,0.1,0.6,0.5,0.0773347634071406,0.40680408940432233,0.39876838216565524,0.4933638697746755,0.9473691289401064,1.6558798646036643,746342410.0901198,0.6663813823841762,0.6625749919006193,0.7073834142495303,False,True
14.0,30.202643453081556,0.15,0.6,0.5,0.0773347634071406,0.40680408940432233,0.39876838216565524,0.4933638697746755,0.9341897828377606,1.9679749474672363,887010704.512207,0.6571110033879487,0.6533575655878295,0.6975426346012809,False,True
14.0,27.708847204661975,0.0,0.6,0.7,0.028183222816013348,0.3892616779583407,0.3372357927599138,0.4951277630365522,0.8503713678896534,1.0,164257492.373213,0.5906941767210546,0.5685735151401266,0.6357069205115953,True,True
14.0,28.817201092848457,0.1,0.6,0.7,0.028183222816013348,0.3892616779583407,0.3372357927599138,0.4951277630365522,0.9115247731452154,1.8399087954738962,302218804.939961,0.6331732179201589,0.6094617763185713,0.6814229975125033,True,True
14.0,30.202643453081556,0.15,0.6,0.7,0.028183222816013348,0.3892616779583407,0.3372357927599138,0.4951277630365522,0.9282969436850292,2.019532593194741,331723359.52414024,0.6448236848137315,0.6206759497026276,0.693961266422733,True,True
14.0,27.708847204661975,0.0,1.0,0.3,0.2148187872420572,0.4734462441440275,0.4221922756670009,0.5827137969520892,0.8342294815770418,1.0,1252007108.5336008,0.6145961481919557,0.5932173624162778,0.6601732551580864,False,False
14.0,28.817201092848457,0.1,1.0,0.3,0.2148187872420572,0.4734462441440275,0.4221922756670009,0.5827137969520892,0.9226604652350907,1.5489815943424299,1939335967.1044326,0.6797452985604128,0.6561002933603337,0.7301537241149058,False,False
14.0,30.202643453081556,0.15,1.0,0.3,0.2148187872420572,0.4734462441440275,0.4221922756670009,0.5827137969520892,0.9185936707662771,1.8632171509156128,2332761117.6880703,0.6767491970425231,0.6532084115201977,0.7269354382573259,False,False
14.0,27.708847204661975,0.0,1.0,0.5,0.046400858044284364,0.42465365237003705,0.3678105054990236,0.4373871398947128,0.8196538846444962,1.0,270433535.4432578,0.5838614502190352,0.5605655971449133,0.5890799764763717,True,True
14.0,28.817201092848457,0.1,1.0,0.5,0.046400858044284364,0.42465365237003705,0.3678105054990236,0.4373871398947128,0.8868737717072662,1.8287360593203972,494551557.91458625,0.6317439790269737,0.6065376309963707,0.637390477080972,False,True
14.0,30.202643453081556,0.15,1.0,0.5,0.046400858044284364,0.42465365237003705,0.3678105054990236,0.4373871398947128,0.9108010384666032,2.1766801636873927,588647312.1951907,0.6487880130169345,0.6229016144170201,0.6545868498473226,False,True
14.0,27.708847204661975,0.0,1.0,0.7,0.016909933689608005,0.35766901027433184,0.3180406665553386,0.5544741357315581,0.7924098380908393,1.0,98554495.4239278,0.5379151403062167,0.5222141955911289,0.6158902991057207,True,True
14.0,28.817201092848457,0.1,1.0,0.7,0.016909933689608005,0.35766901027433184,0.3180406665553386,0.5544741357315581,0.8819784100765838,2.143542593196637,211255758.69219232,0.5987173775460022,0.5812417057523792,0.6855063133688457,True,True
14.0,30.202643453081556,0.15,1.0,0.7,0.016909933689608005,0.35766901027433184,0.3180406665553386,0.5544741357315581,0.8699240997012201,2.080124547987701,205005625.24585378,0.5905344957275723,0.5732976701113744,0.676137256517554,True,True
16.0,36.19114736935442,0.0,0.3,0.3,0.47970601578141686,0.4734462441440275,0.4221922756670009,0.5827137969520892,0.9197106661229045,1.0,2795823165.5405283,0.6775721133489977,0.6540027026042734,0.7278193802383587,False,False
16.0,37.638793264128594,0.1,0.3,0.3,0.47970601578141686,0.4734462441440275,0.4221922756670009,0.5827137969520892,0.9717143552512466,1.151680648019845,3219895435.03861,0.7158844335628923,0.6909823250965315,0.7689728583762759,False,False
16.0,39.448350632596316,0.15,0.3,0.3,0.47970601578141686,0.4734462441440275,0.4221922756670009,0.5827137969520892,0.9920376702282916,1.2087966512751571,3379581680.0629,0.7308570896236338,0.705434155884682,0.7850558538832619,False,False
16.0,36.19114736935442,0.0,0.3,0.5,0.10361649940878603,0.4319982852300576,0.4031958757927229,0.5286143761716946,0.9145438907578087,1.0,603897803.756754,0.6548126416664036,0.6416421078713939,0.6989924695261911,False,True
16.0,37.638793264128594,0.1,0.3,0.5,0.10361649940878603,0.4319982852300576,0.4031958757927229,0.5286143761716946,0.9783208997317431,1.271431304860563,767814572.632878,0.7004769254102916,0.686387925852704,0.7477376959195847,False,True
16.0,39.448350632596316,0.15,0.3,0.5,0.10361649940878603,0.4319982852300576,0.4031958757927229,0.5286143761716946,0.9665343472441825,1.6404509398191112,990664719.7274643,0.6920377639348112,0.6781185049325242,0.7387291491305911,False,False
16.0,36.19114736935442,0.0,0.3,0.7,0.03776111494489288,0.41620825384122445,0.3536080386881968,0.4445090070899207,0.9067823029115004,1.0,220079374.5469221,0.6420962909102101,0.6137139072806013,0.6549276020127016,True,True
16.0,37.638793264128594,0.1,0.3,0.7,0.03776111494489288,0.41620825384122445,0.3536080386881968,0.4445090070899207,0.9670731286449818,1.7228732275000502,379168862.3318481,0.6847884734275398,0.6545189804665961,0.6984729224211529,True,True
16.0,39.448350632596316,0.15,0.3,0.7,0.03776111494489288,0.41620825384122445,0.3536080386881968,0.4445090070899207,0.9604570000353636,1.9298353494244838,424716956.6798812,0.6801035654548315,0.650041158031109,0.6936943937368235,False,True
16.0,36.19114736935442,0.0,0.6,0.3,0.23985300789070843,0.4734462441440275,0.4221922756670009,0.5827137969520892,0.8749793064132703,1.0,1397911582.7702641,0.6446174863691896,0.6221944054747115,0.6924209101539263,False,False
16.0,37.638793264128594,0.1,0.6,0.3,0.23985300789070843,0.4734462441440275,0.4221922756670009,0.5827137969520892,0.9338758824940476,1.2619278278328425,1764063527.1476502,0.6880079557787718,0.6640755332573691,0.7390291219320686,False,False
16.0,39.448350632596316,0.15,0.6,0.3,0.23985300789070843,0.4734462441440275,0.4221922756670009,0.5827137969520892,0.9212089959548667,1.5680134842068083,2191944211.512656,0.6786759675806945,0.6550681591609825,0.7290050938870745,False,False
16.0,36.19114736935442,0.0,0.6,0.5,0.05180824970439302,0.4173098415539434,0.3759635869541098,0.4491748971488917,0.8663661861832036,1.0,301948901.878377,0.6139546610335053,0.5960441625781965,0.6277580643776609,True,True
16.0,37.638793264128594,0.1,0.6,0.5,0.05180824970439302,0.4173098415539434,0.3759635869541098,0.4491748971488917,0.9473691289401064,1.6558798646036643,499991106.75959206,0.6713577950155998,0.6517727124130097,0.686451779996907,False,True
16.0,39.448350632596316,0.15,0.6,0.5,0.05180824970439302,0.4173098415539434,0.3759635869541098,0.4491748971488917,0.9341897828377606,1.9679749474672363,594227874.3118887,0.6620181865475496,0.6427055622446629,0.6769021912307286,False,True
16.0,36.19114736935442,0.0,0.6,0.7,0.01888055747244644,0.35766901027433184,0.3180406665553386,0.5544741357315581,0.8503713678896534,1.0,110039687.27346104,0.5772614267041878,0.560412022276427,0.6609401485755659,True,True
16.0,37.638793264128594,0.1,0.6,0.7,0.01888055747244644,0.35766901027433184,0.3180406665553386,0.5544741357315581,0.9115247731452154,1.8399087954738962,202462988.46563792,0.6187744682982997,0.6007133597890117,0.7084708419664066,True,True
16.0,39.448350632596316,0.15,0.6,0.7,0.01888055747244644,0.35766901027433184,0.3180406665553386,0.5544741357315581,0.9282969436850292,2.019532593194741,222228734.99371114,0.6301599963867704,0.6117665612079498,0.7215067946185164,True,True
16.0,36.19114736935442,0.0,1.0,0.3,0.14391180473442505,0.4631797971481243,0.41707548570731723,0.5694503992686686,0.8342294815770418,1.0,838746949.6621584,0.6103138618144404,0.591083073898575,0.6546408964713913,False,True
16.0,37.638793264128594,0.1,1.0,0.3,0.14391180473442505,0.4631797971481243,0.41707548570731723,0.5694503992686686,0.9226604652350907,1.5489815943424299,1299203587.33754,0.6750090761796369,0.6537397634579777,0.7240349177763143,False,False
16.0,39.448350632596316,0.15,1.0,0.3,0.14391180473442505,0.4631797971481243,0.41707548570731723,0.5694503992686686,0.9185936707662771,1.8632171509156128,1562767701.8886876,0.6720338504266761,0.6508582860843947,0.7208436016749027,False,False
16.0,36.19114736935442,0.0,1.0,0.5,0.031084949822635807,0.39828801198841396,0.3427200279819873,0.4781719241445587,0.8196538846444962,1.0,181169341.1270262,0.5730561004390667,0.5502828434627013,0.6057946798987586,True,True
16.0,37.638793264128594,0.1,1.0,0.5,0.031084949822635807,0.39828801198841396,0.3427200279819873,0.4781719241445587,0.8868737717072662,1.8287360593203972,331310906.9623107,0.62005248156261,0.5954115877816356,0.655475954798936,True,True
16.0,39.448350632596316,0.15,1.0,0.5,0.031084949822635807,0.39828801198841396,0.3427200279819873,0.4781719241445587,0.9108010384666032,2.1766801636873927,394347711.09951246,0.6367810866972248,0.6114753979279502,0.6731602617715206,True,True
16.0,36.19114736935442,0.0,1.0,0.7,0.011328334483467862,0.35766901027433184,0.3180406665553386,0.5544741357315581,0.7924098380908393,1.0,66023812.36407661,0.5379151403062167,0.5222141955911289,0.6158902991057207,True,True
16.0,37.638793264128594,0.1,1.0,0.7,0.011328334483467862,0.35766901027433184,0.3180406665553386,0.5544741357315581,0.8819784100765838,2.143542593196637,141524853.96762097,0.5987173775460022,0.5812417057523792,0.6855063133688457,True,True
16.0,39.448350632596316,0.15,1.0,0.7,0.011328334483467862,0.35766901027433184,0.3180406665553386,0.5544741357315581,0.8699240997012201,2.080124547987701,137337752.85024965,0.5905344957275723,0.5732976701113744,0.676137256517554,True,True
18.0,45.80442088933919,0.0,0.3,0.3,0.33691286705087164,0.4734462441440275,0.4221922756670009,0.5827137969520892,0.9197106661229045,1.0,1963595968.1162555,0.6775721133489977,0.6540027026042734,0.7278193802383587,False,False
18.0,47.63659772491276,0.1,0.3,0.3,0.33691286705087164,0.4734462441440275,0.4221922756670009,0.5827137969520892,0.9717143552512466,1.151680648019845,2261435477.009284,0.7158844335628923,0.6909823250965315,0.7689728583762759,False,False
18.0,49.92681876937972,0.15,0.3,0.3,0.33691286705087164,0.4734462441440275,0.4221922756670009,0.5827137969520892,0.9920376702282916,1.2087966512751571,2373588230.71633,0.7308570896236338,0.705434155884682,0.7850558538832619,False,False
18.0,45.80442088933919,0.0,0.3,0.5,0.07277317928298827,0.40156842631873774,0.3978482946540221,0.48603838193741283,0.9145438907578087,1.0,424136729.1131112,0.6408979208844188,0.6391968090410286,0.67952366181624,False,True
18.0,47.63659772491276,0.1,0.3,0.5,0.07277317928298827,0.40156842631873774,0.3978482946540221,0.48603838193741283,0.9783208997317431,1.271431304860563,539260714.935574,0.6855918419358754,0.6837721006572027,0.7269112034264567,False,True
18.0,49.92681876937972,0.15,0.3,0.5,0.07277317928298827,0.40156842631873774,0.3978482946540221,0.48603838193741283,0.9665343472441825,1.6404509398191112,695775495.8854071,0.6773320120250187,0.6755341945099095,0.7181535687328392,False,True
18.0,45.80442088933919,0.0,0.3,0.7,0.026520837931118174,0.3836618487909891,0.3338334391294293,0.5056469617353764,0.9067823029115004,1.0,154568778.83130872,0.6273400388487387,0.6047482788170753,0.6826470096670542,True,True
18.0,47.63659772491276,0.1,0.3,0.7,0.026520837931118174,0.3836618487909891,0.3338334391294293,0.5056469617353764,0.9670731286449818,1.7228732275000502,266302410.8558383,0.6690510965485008,0.6449572385350966,0.7280353589601208,True,True
18.0,49.92681876937972,0.15,0.3,0.7,0.026520837931118174,0.3836618487909891,0.3338334391294293,0.5056469617353764,0.9604570000353636,1.9298353494244838,298292293.30603445,0.6644738541765891,0.6405448317465517,0.7230545819903597,True,True
18.0,45.80442088933919,0.0,0.6,0.3,0.16845643352543582,0.4734462441440275,0.4221922756670009,0.5827137969520892,0.8749793064132703,1.0,981797984.0581278,0.6446174863691896,0.6221944054747115,0.6924209101539263,False,False
18.0,47.63659772491276,0.1,0.6,0.3,0.16845643352543582,0.4734462441440275,0.4221922756670009,0.5827137969520892,0.9338758824940476,1.2619278278328425,1238958197.393137,0.6880079557787718,0.6640755332573691,0.7390291219320686,False,False
18.0,49.92681876937972,0.15,0.6,0.3,0.16845643352543582,0.4734462441440275,0.4221922756670009,0.5827137969520892,0.9212089959548667,1.5680134842068083,1539472477.7702053,0.6786759675806945,0.6550681591609825,0.7290050938870745,False,False
18.0,45.80442088933919,0.0,0.6,0.5,0.03638658964149413,0.4127929149313769,0.3515329413250481,0.4509246722009161,0.8663661861832036,1.0,212068364.5565556,0.6119980047878741,0.5854612199383747,0.6285160373469113,True,True
18.0,47.63659772491276,0.1,0.6,0.5,0.03638658964149413,0.4127929149313769,0.3515329413250481,0.4509246722009161,0.9473691289401064,1.6558798646036643,351159734.78862983,0.6692181965956462,0.6402002926784853,0.6872806214303456,True,True
18.0,49.92681876937972,0.15,0.6,0.5,0.03638658964149413,0.4127929149313769,0.3515329413250481,0.4509246722009161,0.9341897828377606,1.9679749474672363,417345228.59765023,0.6599083531972348,0.6312941324772632,0.6777195022186614,False,True
18.0,45.80442088933919,0.0,0.6,0.7,0.013260418965559087,0.35766901027433184,0.3180406665553386,0.5544741357315581,0.8503713678896534,1.0,77284389.41565436,0.5772614267041878,0.560412022276427,0.6609401485755659,True,True
18.0,47.63659772491276,0.1,0.6,0.7,0.013260418965559087,0.35766901027433184,0.3180406665553386,0.5544741357315581,0.9115247731452154,1.8399087954738962,142196227.83869216,0.6187744682982997,0.6007133597890117,0.7084708419664066,True,True
18.0,49.92681876937972,0.15,0.6,0.7,0.013260418965559087,0.35766901027433184,0.3180406665553386,0.5544741357315581,0.9282969436850292,2.019532593194741,156078343.37006867,0.6301599963867704,0.6117665612079498,0.7215067946185164,True,True
18.0,45.80442088933919,0.0,1.0,0.3,0.10107386011526151,0.429858670195388,0.40281987125596763,0.5256207297783559,0.8342294815770418,1.0,589078790.4348768,0.5964151285827685,0.5851368469719191,0.6363588952430931,False,True
18.0,47.63659772491276,0.1,1.0,0.3,0.10107386011526151,0.429858670195388,0.40281987125596763,0.5256207297783559,0.9226604652350907,1.5489815943424299,912472204.0011256,0.6596370329314524,0.6471632175270305,0.7038149661547982,False,False
18.0,49.92681876937972,0.15,1.0,0.3,0.10107386011526151,0.429858670195388,0.40281987125596763,0.5256207297783559,0.9185936707662771,1.8632171509156128,1097581705.5788865,0.6567295622658844,0.6443107274804477,0.7007127731821132,False,False
18.0,45.80442088933919,0.0,1.0,0.5,0.021831953784896482,0.3657416069381787,0.3229454284232199,0.5393098787900145,0.8196538846444962,1.0,127241018.73393336,0.5597177067737474,0.5421786797898847,0.6308506609109419,True,True
18.0,47.63659772491276,0.1,1.0,0.5,0.021831953784896482,0.3657416069381787,0.3229454284232199,0.5393098787900145,0.8868737717072662,1.8287360593203972,232690239.1834061,0.6056202050614026,0.5866428009342931,0.6825867790143774,True,True
18.0,49.92681876937972,0.15,1.0,0.5,0.021831953784896482,0.3657416069381787,0.3229454284232199,0.5393098787900145,0.9108010384666032,2.1766801636873927,276963001.48552865,0.6219594369381702,0.602470035021257,0.701002518061923,True,True
18.0,45.80442088933919,0.0,1.0,0.7,0.007956251379335453,0.35766901027433184,0.3180406665553386,0.5544741357315581,0.7924098380908393,1.0,46370633.64939263,0.5379151403062167,0.5222141955911289,0.6158902991057207,True,True
18.0,47.63659772491276,0.1,1.0,0.7,0.007956251379335453,0.35766901027433184,0.3180406665553386,0.5544741357315581,0.8819784100765838,2.143542593196637,99397428.30099031,0.5987173775460022,0.5812417057523792,0.6855063133688457,True,True
18.0,49.92681876937972,0.15,1.0,0.7,0.007956251379335453,0.35766901027433184,0.3180406665553386,0.5544741357315581,0.8699240997012201,2.080124547987701,96456693.35984612,0.5905344957275723,0.5732976701113744,0.676137256517554,True,True
20.0,56.54866776461627,0.0,0.3,0.3,0.24560948008008537,0.4734462441440275,0.4221922756670009,0.5827137969520892,0.9197106661229045,1.0,1431461460.75675,0.6775721133489977,0.6540027026042734,0.7278193802383587,False,False
20.0,58.81061447520093,0.1,0.3,0.3,0.24560948008008537,0.4734462441440275,0.4221922756670009,0.5827137969520892,0.9717143552512466,1.151680648019845,1648586462.7397678,0.7158844335628923,0.6909823250965315,0.7689728583762759,False,False
20.0,61.63804786343174,0.15,0.3,0.3,0.24560948008008537,0.4734462441440275,0.4221922756670009,0.5827137969520892,0.9920376702282916,1.2087966512751571,1730345820.1922042,0.7308570896236338,0.705434155884682,0.7850558538832619,False,False
20.0,56.54866776461627,0.0,0.3,0.5,0.05305164769729845,0.41572980526500286,0.37771773951717613,0.45171105782803245,0.9145438907578087,1.0,309195675.523458,0.6473735221844253,0.6299916709320457,0.6638267395410916,True,True
20.0,58.81061447520093,0.1,0.3,0.5,0.05305164769729845,0.41572980526500286,0.37771773951717613,0.45171105782803245,0.9783208997317431,1.271431304860563,393121061.18803346,0.6925190284319516,0.6739250292504134,0.7101196341224206,True,True
20.0,61.63804786343174,0.15,0.3,0.5,0.05305164769729845,0.41572980526500286,0.37771773951717613,0.45171105782803245,0.9665343472441825,1.6404509398191112,507220336.50046164,0.6841757416029716,0.6658057580254823,0.7015642998324896,False,True
20.0,56.54866776461627,0.0,0.3,0.7,0.01933369085178515,0.35766901027433184,0.3180406665553386,0.5544741357315581,0.9067823029115004,1.0,112680639.76802407,0.6155551158640681,0.5975879754750295,0.7047848183075133,True,True
20.0,58.81061447520093,0.1,0.3,0.7,0.01933369085178515,0.35766901027433184,0.3180406665553386,0.5544741357315581,0.9670731286449818,1.7228732275000502,194134457.51390615,0.6564826087151671,0.6373208555434943,0.751645082919811,True,True
20.0,61.63804786343174,0.15,0.3,0.7,0.01933369085178515,0.35766901027433184,0.3180406665553386,0.5544741357315581,0.9604570000353636,1.9298353494244838,217455081.82009912,0.651991352324533,0.6329606922621758,0.7465027825186484,True,True
20.0,56.54866776461627,0.0,0.6,0.3,0.12280474004004269,0.4478144916729414,0.40941742826891986,0.5495996994963017,0.8749793064132703,1.0,715730730.378375,0.6334038598695358,0.6166055419167573,0.6779338351417431,False,True
20.0,58.81061447520093,0.1,0.6,0.3,0.12280474004004269,0.4478144916729414,0.40941742826891986,0.5495996994963017,0.9338758824940476,1.2619278278328425,903200525.8995967,0.6760395180493696,0.6581104723135642,0.7235668934398098,False,False
20.0,61.63804786343174,0.15,0.6,0.3,0.12280474004004269,0.4478144916729414,0.40941742826891986,0.5495996994963017,0.9212089959548667,1.5680134842068083,1122275436.2944796,0.666869867101468,0.649184006988451,0.7137525916524756,False,False
20.0,56.54866776461627,0.0,0.6,0.5,0.026525823848649224,0.3836791635342297,0.3338439592502696,0.5056144362387722,0.8663661861832036,1.0,154597837.761729,0.5993864199061579,0.5777986519695802,0.6522067184932796,True,True
20.0,58.81061447520093,0.1,0.6,0.5,0.026525823848649224,0.3836791635342297,0.3338439592502696,0.5056144362387722,0.9473691289401064,1.6558798646036643,255995446.66091108,0.655427461944999,0.6318212949084753,0.7131863184895875,True,True
20.0,61.63804786343174,0.15,0.6,0.5,0.026525823848649224,0.3836791635342297,0.3338439592502696,0.5056144362387722,0.9341897828377606,1.9679749474672363,304244671.64768696,0.646309468649588,0.623031699315734,0.703264811613648,True,True
20.0,56.54866776461627,0.0,0.6,0.7,0.009666845425892575,0.35766901027433184,0.3180406665553386,0.5544741357315581,0.8503713678896534,1.0,56340319.884012036,0.5772614267041878,0.560412022276427,0.6609401485755659,True,True
20.0,58.81061447520093,0.1,0.6,0.7,0.009666845425892575,0.35766901027433184,0.3180406665553386,0.5544741357315581,0.9115247731452154,1.8399087954738962,103661050.09440659,0.6187744682982997,0.6007133597890117,0.7084708419664066,True,True
20.0,61.63804786343174,0.15,0.6,0.7,0.009666845425892575,0.35766901027433184,0.3180406665553386,0.5544741357315581,0.9282969436850292,2.019532593194741,113781112.31678008,0.6301599963867704,0.6117665612079498,0.7215067946185164,True,True
20.0,56.54866776461627,0.0,1.0,0.3,0.07368284402402563,0.4026382338360726,0.3980362969223997,0.48753520513408216,0.8342294815770418,1.0,429438438.2270251,0.5850610833266021,0.5831415476037305,0.6204728615033019,False,True
20.0,58.81061447520093,0.1,1.0,0.3,0.07368284402402563,0.4026382338360726,0.3980362969223997,0.48753520513408216,0.9226604652350907,1.5489815943424299,665192236.7168204,0.6470794226938583,0.6449564100669825,0.6862449622112942,False,True
20.0,61.63804786343174,0.15,1.0,0.3,0.07368284402402563,0.4026382338360726,0.3980362969223997,0.48753520513408216,0.9185936707662771,1.8632171509156128,800137063.3670081,0.6442273019883028,0.6421136469272201,0.6832202122390918,False,True
20.0,56.54866776461627,0.0,1.0,0.5,0.015915494309189534,0.35766901027433184,0.3180406665553386,0.5544741357315581,0.8196538846444962,1.0,92758702.6570374,0.5564093391664022,0.5401685762307522,0.6370653819658837,True,True
20.0,58.81061447520093,0.1,1.0,0.5,0.015915494309189534,0.35766901027433184,0.3180406665553386,0.5544741357315581,0.8868737717072662,1.8287360593203972,169631184.36470303,0.602040517936034,0.5844678486057462,0.6893111698888199,True,True
20.0,61.63804786343174,0.15,1.0,0.5,0.015915494309189534,0.35766901027433184,0.3180406665553386,0.5544741357315581,0.9108010384666032,2.1766801636873927,201906028.08295038,0.6182831722258935,0.6002364039199082,0.7079083285468893,True,True
20.0,56.54866776461627,0.0,1.0,0.7,0.0058001072555355455,0.35766901027433184,0.3180406665553386,0.5544741357315581,0.7924098380908393,1.0,33804191.930407226,0.5379151403062167,0.5222141955911289,0.6158902991057207,True,True
20.0,58.81061447520093,0.1,1.0,0.7,0.0058001072555355455,0.35766901027433184,0.3180406665553386,0.5544741357315581,0.8819784100765838,2.143542593196637,72460725.23142195,0.5987173775460022,0.5812417057523792,0.6855063133688457,True,True
20.0,61.63804786343174,0.15,1.0,0.7,0.0058001072555355455,0.35766901027433184,0.3180406665553386,0.5544741357315581,0.8699240997012201,2.080124547987701,70316929.45932782,0.5905344957275723,0.5732976701113744,0.676137256517554,True,True
22.0,68.4238879951857,0.0,0.3,0.3,0.18453003762590942,0.4734462441440275,0.4221922756670009,0.5827137969520892,0.9197106661229045,1.0,1075478182.3867397,0.6775721133489977,0.6540027026042734,0.7278193802383587,False,False
22.0,71.16084351499312,0.1,0.3,0.3,0.18453003762590942,0.4734462441440275,0.4221922756670009,0.5827137969520892,0.9717143552512466,1.151680648019845,1238607410.0223653,0.7158844335628923,0.6909823250965315,0.7689728583762759,False,False
22.0,74.5820379147524,0.15,0.3,0.3,0.18453003762590942,0.4734462441440275,0.4221922756670009,0.5827137969520892,0.9920376702282916,1.2087966512751571,1300034425.3885837,0.7308570896236338,0.705434155884682,0.7850558538832619,False,False
22.0,68.4238879951857,0.0,0.3,0.5,0.039858488127196424,0.4211872185556415,0.3566331664494,0.4351560933527043,0.9145438907578087,1.0,232303287.3955357,0.6498690441765723,0.6203502871878601,0.6562566187297796,True,True
22.0,71.16084351499312,0.1,0.3,0.5,0.039858488127196424,0.4211872185556415,0.3566331664494,0.4351560933527043,0.9783208997317431,1.271431304860563,295357671.81670433,0.6951885791723044,0.6636112900033503,0.7020216002521555,True,True
22.0,74.5820379147524,0.15,0.3,0.5,0.039858488127196424,0.4211872185556415,0.3566331664494,0.4351560933527043,0.9665343472441825,1.6404509398191112,381082146.1310756,0.6868131302992262,0.6556162759919897,0.6935638289410836,True,True
22.0,68.4238879951857,0.0,0.3,0.7,0.014525688093001619,0.35766901027433184,0.3180406665553386,0.5544741357315581,0.9067823029115004,1.0,84658632.43277544,0.6155551158640681,0.5975879754750295,0.7047848183075133,True,True
22.0,71.16084351499312,0.1,0.3,0.7,0.014525688093001619,0.35766901027433184,0.3180406665553386,0.5544741357315581,0.9670731286449818,1.7228732275000502,145856091.29519624,0.6564826087151671,0.6373208555434943,0.751645082919811,True,True
22.0,74.5820379147524,0.15,0.3,0.7,0.014525688093001619,0.35766901027433184,0.3180406665553386,0.5544741357315581,0.9604570000353636,1.9298353494244838,163377221.5027041,0.651991352324533,0.6329606922621758,0.7465027825186484,True,True
22.0,68.4238879951857,0.0,0.6,0.3,0.09226501881295471,0.42200583814505743,0.4014398564264505,0.5146334250697796,0.8749793064132703,1.0,537739091.1933699,0.6221128409878917,0.6131154367779643,0.6626364518689559,False,True
22.0,71.16084351499312,0.1,0.6,0.3,0.09226501881295471,0.42200583814505743,0.4014398564264505,0.5146334250697796,0.9338758824940476,1.2619278278328425,678587923.290456,0.6639884785047017,0.6543854413412914,0.7072398132460113,False,True
22.0,74.5820379147524,0.15,0.6,0.3,0.09226501881295471,0.42200583814505743,0.4014398564264505,0.5146334250697796,0.9212089959548667,1.5680134842068083,843182145.9763185,0.6549822851997835,0.6455095015148715,0.6976469683741063,False,True
22.0,68.4238879951857,0.0,0.6,0.5,0.019929244063598212,0.35766901027433184,0.3180406665553386,0.5544741357315581,0.8663661861832036,1.0,116151643.69776785,0.5881192612652488,0.5709529327589581,0.6733719142470908,True,True
22.0,71.16084351499312,0.1,0.6,0.5,0.019929244063598212,0.35766901027433184,0.3180406665553386,0.5544741357315581,0.9473691289401064,1.6558798646036643,192333168.0397529,0.6431068538262851,0.6243355190910842,0.7363304039639654,True,True
22.0,74.5820379147524,0.15,0.6,0.5,0.019929244063598212,0.35766901027433184,0.3180406665553386,0.5544741357315581,0.9341897828377606,1.9679749474672363,228583524.90434784,0.6341602589368677,0.6156500620303345,0.7260869276429899,True,True
22.0,68.4238879951857,0.0,0.6,0.7,0.007262844046500809,0.35766901027433184,0.3180406665553386,0.5544741357315581,0.8503713678896534,1.0,42329316.21638772,0.5772614267041878,0.560412022276427,0.6609401485755659,True,True
22.0,71.16084351499312,0.1,0.6,0.7,0.007262844046500809,0.35766901027433184,0.3180406665553386,0.5544741357315581,0.9115247731452154,1.8399087954738962,77882081.2129276,0.6187744682982997,0.6007133597890117,0.7084708419664066,True,True
22.0,74.5820379147524,0.15,0.6,0.7,0.007262844046500809,0.35766901027433184,0.3180406665553386,0.5544741357315581,0.9282969436850292,2.019532593194741,85485433.7466417,0.6301599963867704,0.6117665612079498,0.7215067946185164,True,True
22.0,68.4238879951857,0.0,1.0,0.3,0.05535901128777282,0.4128934827470835,0.38086661808997585,0.4562637188609838,0.8342294815770418,1.0,322643454.7160219,0.5893386988178403,0.5759798214681218,0.6074290636124268,True,True
22.0,71.16084351499312,0.1,1.0,0.3,0.05535901128777282,0.4128934827470835,0.38086661808997585,0.4562637188609838,0.9226604652350907,1.5489815943424299,499768772.8901732,0.6518104790595258,0.6370355181372517,0.6718184801746294,False,True
22.0,74.5820379147524,0.15,1.0,0.3,0.05535901128777282,0.4128934827470835,0.38086661808997585,0.4562637188609838,0.9185936707662771,1.8632171509156128,601154818.4575568,0.6489375053591966,0.6342276677749429,0.6688573175561304,False,True
22.0,68.4238879951857,0.0,1.0,0.5,0.01195754643815893,0.35766901027433184,0.3180406665553386,0.5544741357315581,0.8196538846444962,1.0,69690986.21866073,0.5564093391664022,0.5401685762307522,0.6370653819658837,True,True
22.0,71.16084351499312,0.1,1.0,0.5,0.01195754643815893,0.35766901027433184,0.3180406665553386,0.5544741357315581,0.8868737717072662,1.8287360593203972,127446419.50766572,0.602040517936034,0.5844678486057462,0.6893111698888199,True,True
22.0,74.5820379147524,0.15,1.0,0.5,0.01195754643815893,0.35766901027433184,0.3180406665553386,0.5544741357315581,0.9108010384666032,2.1766801636873927,151694987.28997025,0.6182831722258935,0.6002364039199082,0.7079083285468893,True,True
22.0,68.4238879951857,0.0,1.0,0.7,0.004357706427900485,0.35766901027433184,0.3180406665553386,0.5544741357315581,0.7924098380908393,1.0,25397589.729832634,0.5379151403062167,0.5222141955911289,0.6158902991057207,True,True
22.0,71.16084351499312,0.1,1.0,0.7,0.004357706427900485,0.35766901027433184,0.3180406665553386,0.5544741357315581,0.8819784100765838,2.143542593196637,54440815.35042973,0.5987173775460022,0.5812417057523792,0.6855063133688457,True,True
22.0,74.5820379147524,0.15,1.0,0.7,0.004357706427900485,0.35766901027433184,0.3180406665553386,0.5544741357315581,0.8699240997012201,2.080124547987701,52830149.85674519,0.5905344957275723,0.5732976701113744,0.676137256517554,True,True
24.0,81.43008158104745,0.0,0.3,0.3,0.1421351157870865,0.46197633081205147,0.4164756789321309,0.5678956206173676,0.9197106661229045,1.0,828392049.0490456,0.6722976125335358,0.6513738951087817,0.721005162824592,False,True
24.0,84.68728484428935,0.1,0.3,0.3,0.1421351157870865,0.46197633081205147,0.4164756789321309,0.5678956206173676,0.9717143552512466,1.151680648019845,954043091.863292,0.7103116938438079,0.6882048755413037,0.7617733410447294,False,False
24.0,88.75878892334173,0.15,0.3,0.3,0.1421351157870865,0.46197633081205147,0.4164756789321309,0.5678956206173676,0.9920376702282916,1.2087966512751571,1001357534.833452,0.7251677965738468,0.7025986162314344,0.7777057593191974,False,False
24.0,81.43008158104745,0.0,0.3,0.5,0.030701185010010672,0.39714379410405126,0.342024822153991,0.4803213210137586,0.9145438907578087,1.0,178932682.59459376,0.6388746607040229,0.6136703011731336,0.6769094102458311,True,True
24.0,84.68728484428935,0.1,0.3,0.5,0.030701185010010672,0.39714379410405126,0.342024822153991,0.4803213210137586,0.9783208997317431,1.271431304860563,227500614.1134453,0.6834274868512483,0.6564654657360125,0.7241146433331315,True,True
24.0,88.75878892334173,0.15,0.3,0.5,0.030701185010010672,0.39714379410405126,0.342024822153991,0.4803213210137586,0.9665343472441825,1.6404509398191112,293530287.32665604,0.6751937325203098,0.6485565427330489,0.7153907008588396,True,True
24.0,81.43008158104745,0.0,0.3,0.7,0.011188478502190484,0.35766901027433184,0.3180406665553386,0.5544741357315581,0.9067823029115004,1.0,65208703.5694584,0.6155551158640681,0.5975879754750295,0.7047848183075133,True,True
24.0,84.68728484428935,0.1,0.3,0.7,0.011188478502190484,0.35766901027433184,0.3180406665553386,0.5544741357315581,0.9670731286449818,1.7228732275000502,112346329.57980685,0.6564826087151671,0.6373208555434943,0.751645082919811,True,True
24.0,88.75878892334173,0.15,0.3,0.7,0.011188478502190484,0.35766901027433184,0.3180406665553386,0.5544741357315581,0.9604570000353636,1.9298353494244838,125842061.23848334,0.651991352324533,0.6329606922621758,0.7465027825186484,True,True
24.0,81.43008158104745,0.0,0.6,0.3,0.07106755789354326,0.39952599704808883,0.3974893690251954,0.48318071318829053,0.8749793064132703,1.0,414196024.5245228,0.6122781431022387,0.6113871394147922,0.648876215855515,False,True
24.0,84.68728484428935,0.1,0.6,0.3,0.07106755789354326,0.39952599704808883,0.3974893690251954,0.48318071318829053,0.9338758824940476,1.2619278278328425,522685489.5252298,0.653491787783323,0.6525408088872271,0.6925533487134329,False,True
24.0,88.75878892334173,0.15,0.6,0.3,0.07106755789354326,0.39952599704808883,0.3974893690251954,0.48318071318829053,0.9212089959548667,1.5680134842068083,649464951.5593055,0.6446279692767019,0.6436898892486502,0.6831597078079041,False,True
24.0,81.43008158104745,0.0,0.6,0.5,0.015350592505005336,0.35766901027433184,0.3180406665553386,0.5544741357315581,0.8663661861832036,1.0,89466341.29729688,0.5881192612652488,0.5709529327589581,0.6733719142470908,True,True
24.0,84.68728484428935,0.1,0.6,0.5,0.015350592505005336,0.35766901027433184,0.3180406665553386,0.5544741357315581,0.9473691289401064,1.6558798646036643,148145513.11395317,0.6431068538262851,0.6243355190910842,0.7363304039639654,True,True
24.0,88.75878892334173,0.15,0.6,0.5,0.015350592505005336,0.35766901027433184,0.3180406665553386,0.5544741357315581,0.9341897828377606,1.9679749474672363,176067518.31463367,0.6341602589368677,0.6156500620303345,0.7260869276429899,True,True
24.0,81.43008158104745,0.0,0.6,0.7,0.005594239251095242,0.35766901027433184,0.3180406665553386,0.5544741357315581,0.8503713678896534,1.0,32604351.7847292,0.5772614267041878,0.560412022276427,0.6609401485755659,True,True
24.0,84.68728484428935,0.1,0.6,0.7,0.005594239251095242,0.35766901027433184,0.3180406665553386,0.5544741357315581,0.9115247731452154,1.8399087954738962,59989033.61944828,0.6187744682982997,0.6007133597890117,0.7084708419664066,True,True
24.0,88.75878892334173,0.15,0.6,0.7,0.005594239251095242,0.35766901027433184,0.3180406665553386,0.5544741357315581,0.9282969436850292,2.019532593194741,65845551.10924775,0.6301599963867704,0.6117665612079498,0.7215067946185164,True,True
24.0,81.43008158104745,0.0,1.0,0.3,0.04264053473612595,0.428349660889543,0.36155967246192006,0.4302840309600657,0.8342294815770418,1.0,248517614.71471366,0.5957856985573134,0.5679266098470572,0.5965925528278686,True,True
24.0,84.68728484428935,0.1,1.0,0.3,0.04264053473612595,0.428349660889543,0.36155967246192006,0.4302840309600657,0.9226604652350907,1.5489815943424299,384949211.0629749,0.6589408813173648,0.6281286404195264,0.6598332647119676,True,True
24.0,88.75878892334173,0.15,1.0,0.3,0.04264053473612595,0.428349660889543,0.36155967246192006,0.4302840309600657,0.9185936707662771,1.8632171509156128,463042282.04109275,0.6560364790671461,0.6253600487470625,0.6569249291189971,False,True
24.0,81.43008158104745,0.0,1.0,0.5,0.009210355503003203,0.35766901027433184,0.3180406665553386,0.5544741357315581,0.8196538846444962,1.0,53679804.77837814,0.5564093391664022,0.5401685762307522,0.6370653819658837,True,True
24.0,84.68728484428935,0.1,1.0,0.5,0.009210355503003203,0.35766901027433184,0.3180406665553386,0.5544741357315581,0.8868737717072662,1.8287360593203972,98166194.65549946,0.602040517936034,0.5844678486057462,0.6893111698888199,True,True
24.0,88.75878892334173,0.15,1.0,0.5,0.009210355503003203,0.35766901027433184,0.3180406665553386,0.5544741357315581,0.9108010384666032,2.1766801636873927,116843766.2517074,0.6182831722258935,0.6002364039199082,0.7079083285468893,True,True
24.0,81.43008158104745,0.0,1.0,0.7,0.0033565435506571453,0.35766901027433184,0.3180406665553386,0.5544741357315581,0.7924098380908393,1.0,19562611.07083752,0.5379151403062167,0.5222141955911289,0.6158902991057207,True,True
24.0,84.68728484428935,0.1,1.0,0.7,0.0033565435506571453,0.35766901027433184,0.3180406665553386,0.5544741357315581,0.8819784100765838,2.143542593196637,41933290.064480305,0.5987173775460022,0.5812417057523792,0.6855063133688457,True,True
24.0,88.75878892334173,0.15,1.0,0.7,0.0033565435506571453,0.35766901027433184,0.3180406665553386,0.5544741357315581,0.8699240997012201,2.080124547987701,40692667.511185095,0.5905344957275723,0.5732976701113744,0.676137256517554,True,True
26.0,95.56724852220151,0.0,0.3,0.3,0.1117931179244813,0.438713247924423,0.40488137478794084,0.5378416477283905,0.9197106661229045,1.0,651552781.4095359,0.6615999598042094,0.6460421925149394,0.7071846831119115,False,True
26.0,99.38993846308958,0.1,0.3,0.3,0.1117931179244813,0.438713247924423,0.40488137478794084,0.5378416477283905,0.9717143552512466,1.151680648019845,750380729.5128666,0.6990091580491539,0.6825716996532744,0.7471714026004539,False,True
26.0,104.16830088919966,0.15,0.3,0.3,0.1117931179244813,0.438713247924423,0.40488137478794084,0.5378416477283905,0.9920376702282916,1.2087966512751571,787594820.2968614,0.7136288692987616,0.696847622995874,0.7627984226962548,False,True
26.0,95.56724852220151,0.0,0.3,0.5,0.02414731347168796,0.3750259876581337,0.3285864480874462,0.5218693028956376,0.9145438907578087,1.0,140735400.78445974,0.6287608083229841,0.6075253097209953,0.6959081367475253,True,True
26.0,99.38993846308958,0.1,0.3,0.5,0.02414731347168796,0.3750259876581337,0.3285864480874462,0.5218693028956376,0.9783208997317431,1.271431304860563,178935394.25945994,0.6726083307001169,0.6498919446321556,0.7444382728414904,True,True
26.0,104.16830088919966,0.15,0.3,0.5,0.02414731347168796,0.3750259876581337,0.3285864480874462,0.5218693028956376,0.9665343472441825,1.6404509398191112,230869520.48268625,0.6645049227124707,0.6420622176798334,0.7354694766325971,True,True
26.0,95.56724852220151,0.0,0.3,0.7,0.008800041352655963,0.35766901027433184,0.3180406665553386,0.5544741357315581,0.9067823029115004,1.0,51288411.36459904,0.6155551158640681,0.5975879754750295,0.7047848183075133,True,True
26.0,99.38993846308958,0.1,0.3,0.7,0.008800041352655963,0.35766901027433184,0.3180406665553386,0.5544741357315581,0.9670731286449818,1.7228732275000502,88363430.821077,0.6564826087151671,0.6373208555434943,0.751645082919811,True,True
26.0,104.16830088919966,0.15,0.3,0.7,0.008800041352655963,0.35766901027433184,0.3180406665553386,0.5544741357315581,0.9604570000353636,1.9298353494244838,98978189.26722765,0.651991352324533,0.6329606922621758,0.7465027825186484,True,True
26.0,95.56724852220151,0.0,0.6,0.3,0.05589655896224065,0.41224969223059355,0.38158135280365496,0.45729708512285633,0.8749793064132703,1.0,325776390.70476794,0.6178446280951396,0.6044275469148248,0.6375523963894387,True,True
26.0,99.38993846308958,0.1,0.6,0.3,0.05589655896224065,0.41224969223059355,0.38158135280365496,0.45729708512285633,0.9338758824940476,1.2619278278328425,411106293.08129126,0.6594329638168964,0.6451127525434167,0.6804673007125553,False,True
26.0,104.16830088919966,0.15,0.6,0.3,0.05589655896224065,0.41224969223059355,0.38158135280365496,0.45729708512285633,0.9212089959548667,1.5680134842068083,510821773.4613017,0.6504885605086573,0.6363625854231107,0.6712375922969902,False,True
26.0,95.56724852220151,0.0,0.6,0.5,0.01207365673584398,0.35766901027433184,0.3180406665553386,0.5544741357315581,0.8663661861832036,1.0,70367700.39222987,0.5881192612652488,0.5709529327589581,0.6733719142470908,True,True
26.0,99.38993846308958,0.1,0.6,0.5,0.01207365673584398,0.35766901027433184,0.3180406665553386,0.5544741357315581,0.9473691289401064,1.6558798646036643,116520458.19795682,0.6431068538262851,0.6243355190910842,0.7363304039639654,True,True
26.0,104.16830088919966,0.15,0.6,0.5,0.01207365673584398,0.35766901027433184,0.3180406665553386,0.5544741357315581,0.9341897828377606,1.9679749474672363,138481871.4827888,0.6341602589368677,0.6156500620303345,0.7260869276429899,True,True
26.0,95.56724852220151,0.0,0.6,0.7,0.004400020676327982,0.35766901027433184,0.3180406665553386,0.5544741357315581,0.8503713678896534,1.0,25644205.68229952,0.5772614267041878,0.560412022276427,0.6609401485755659,True,True
26.0,99.38993846308958,0.1,0.6,0.7,0.004400020676327982,0.35766901027433184,0.3180406665553386,0.5544741357315581,0.9115247731452154,1.8399087954738962,47182999.587804556,0.6187744682982997,0.6007133597890117,0.7084708419664066,True,True
26.0,104.16830088919966,0.15,0.6,0.7,0.004400020676327982,0.35766901027433184,0.3180406665553386,0.5544741357315581,0.9282969436850292,2.019532593194741,51789309.20199367,0.6301599963867704,0.6117665612079498,0.7215067946185164,True,True
26.0,95.56724852220151,0.0,1.0,0.3,0.03353793537734439,0.40528395693964364,0.34697063599022104,0.4650301419885816,0.8342294815770418,1.0,195465834.42286077,0.5861646534331464,0.5618413076808102,0.6110856679229372,True,True
26.0,99.38993846308958,0.1,1.0,0.3,0.03353793537734439,0.40528395693964364,0.34697063599022104,0.4650301419885816,0.9226604652350907,1.5489815943424299,302772979.8437963,0.6482999747486704,0.6213982768303717,0.6758626961953078,True,True
26.0,104.16830088919966,0.15,1.0,0.3,0.03353793537734439,0.40528395693964364,0.34697063599022104,0.4650301419885816,0.9185936707662771,1.8632171509156128,364195295.11470556,0.645442474237073,0.6186593504643221,0.6728837079562656,True,True
26.0,95.56724852220151,0.0,1.0,0.5,0.0072441940415063875,0.35766901027433184,0.3180406665553386,0.5544741357315581,0.8196538846444962,1.0,42220620.23533792,0.5564093391664022,0.5401685762307522,0.6370653819658837,True,True
26.0,99.38993846308958,0.1,1.0,0.5,0.0072441940415063875,0.35766901027433184,0.3180406665553386,0.5544741357315581,0.8868737717072662,1.8287360593203972,77210370.67123489,0.602040517936034,0.5844678486057462,0.6893111698888199,True,True
26.0,104.16830088919966,0.15,1.0,0.5,0.0072441940415063875,0.35766901027433184,0.3180406665553386,0.5544741357315581,0.9108010384666032,2.1766801636873927,91900786.56483859,0.6182831722258935,0.6002364039199082,0.7079083285468893,True,True
26.0,95.56724852220151,0.0,1.0,0.7,0.0026400124057967887,0.35766901027433184,0.3180406665553386,0.5544741357315581,0.7924098380908393,1.0,15386523.40937971,0.5379151403062167,0.5222141955911289,0.6158902991057207,True,True
26.0,99.38993846308958,0.1,1.0,0.7,0.0026400124057967887,0.35766901027433184,0.3180406665553386,0.5544741357315581,0.8819784100765838,2.143542593196637,32981668.289222546,0.5987173775460022,0.5812417057523792,0.6855063133688457,True,True
26.0,104.16830088919966,0.15,1.0,0.7,0.0026400124057967887,0.35766901027433184,0.3180406665553386,0.5544741357315581,0.8699240997012201,2.080124547987701,32005885.052038148,0.5905344957275723,0.5732976701113744,0.676137256517554,True,True
