closing_speed_km_s,rho_kg_m3,dissipated_MJ_kg,temp_K,pressure_Pa,ionised_fraction,dissociated_fraction,n_e_m3
44,0.05,91.1690,12874.0,9.402701e+05,0.054990,1.000000,2.757361e+23
45.58,0.05,97.8341,13534.6,1.008335e+06,0.076141,1.000000,3.817907e+23
46,0.05,99.6454,13695.8,1.025913e+06,0.082015,1.000000,4.112446e+23
48,0.05,108.4986,14403.6,1.108077e+06,0.111240,1.000000,5.577890e+23
50,0.05,117.7285,15039.6,1.189358e+06,0.142310,1.000000,7.135833e+23
52,0.05,127.3352,15628.0,1.271272e+06,0.175017,1.000000,8.775831e+23
54,0.05,137.3186,16184.0,1.354825e+06,0.209222,1.000000,1.049096e+24
56,0.05,147.6787,16718.3,1.440760e+06,0.244824,1.000000,1.227612e+24
56.53,0.05,150.4872,16857.3,1.464010e+06,0.254481,1.000000,1.276038e+24
58,0.05,158.4155,17238.9,1.529677e+06,0.281739,1.000000,1.412716e+24
60,0.05,169.5291,17752.1,1.622109e+06,0.319895,1.000000,1.604043e+24
62,0.05,181.0194,18263.5,1.718561e+06,0.359223,1.000000,1.801243e+24
64,0.05,192.8864,18778.1,1.819550e+06,0.399652,1.000000,2.003962e+24
66,0.05,205.1302,19301.3,1.925628e+06,0.441104,1.000000,2.211818e+24
68,0.05,217.7507,19838.2,2.037418e+06,0.483496,1.000000,2.424379e+24
70,0.05,230.7479,20395.1,2.155650e+06,0.526725,1.000000,2.641143e+24
72,0.05,244.1219,20979.2,2.281206e+06,0.570670,1.000000,2.861494e+24
74,0.05,257.8726,21599.3,2.415191e+06,0.615177,1.000000,3.084663e+24
76,0.05,272.0000,22267.1,2.559025e+06,0.660046,1.000000,3.309650e+24
44,0.08,91.1690,13213.2,1.539648e+06,0.051969,1.000000,4.169423e+23
45.58,0.08,97.8341,13926.4,1.654586e+06,0.072602,1.000000,5.824776e+23
46,0.08,99.6454,14100.4,1.684230e+06,0.078346,1.000000,6.285584e+23
48,0.08,108.4986,14864.4,1.822627e+06,0.106977,1.000000,8.582569e+23
50,0.08,117.7285,15550.9,1.959333e+06,0.137476,1.000000,1.102946e+24
52,0.08,127.3352,16185.9,2.096967e+06,0.169619,1.000000,1.360823e+24
54,0.08,137.3186,16786.0,2.237261e+06,0.203257,1.000000,1.630697e+24
56,0.08,147.6787,17362.7,2.381483e+06,0.238281,1.000000,1.911693e+24
56.53,0.08,150.4872,17512.7,2.420493e+06,0.247784,1.000000,1.987929e+24
58,0.08,158.4155,17924.5,2.530657e+06,0.274604,1.000000,2.203106e+24
60,0.08,169.5291,18478.2,2.685682e+06,0.312149,1.000000,2.504319e+24
62,0.08,181.0194,19029.8,2.847407e+06,0.350842,1.000000,2.814745e+24
64,0.08,192.8864,19584.6,3.016686e+06,0.390610,1.000000,3.133796e+24
66,0.08,205.1302,20147.9,3.194429e+06,0.431374,1.000000,3.460842e+24
68,0.08,217.7507,20725.3,3.381649e+06,0.473048,1.000000,3.795183e+24
70,0.08,230.7479,21323.0,3.579517e+06,0.515529,1.000000,4.136006e+24
72,0.08,244.1219,21948.3,3.789429e+06,0.558697,1.000000,4.482335e+24
74,0.08,257.8726,22609.9,4.013104e+06,0.602401,1.000000,4.832962e+24
76,0.08,272.0000,23318.8,4.252713e+06,0.646448,1.000000,5.186347e+24
44,0.13,91.1690,13571.9,2.562101e+06,0.048793,1.000000,6.361210e+23
45.58,0.13,97.8341,14345.1,2.759832e+06,0.068848,1.000000,8.975754e+23
46,0.13,99.6454,14533.7,2.810760e+06,0.074446,1.000000,9.705588e+23
48,0.13,108.4986,15361.7,3.048237e+06,0.102412,1.000000,1.335161e+24
50,0.13,117.7285,16105.8,3.282445e+06,0.132275,1.000000,1.724481e+24
52,0.13,127.3352,16794.1,3.517993e+06,0.163790,1.000000,2.135347e+24
54,0.13,137.3186,17444.6,3.757914e+06,0.196798,1.000000,2.565671e+24
56,0.13,147.6787,18069.8,4.004423e+06,0.231181,1.000000,3.013929e+24
56.53,0.13,150.4872,18232.4,4.071083e+06,0.240511,1.000000,3.135565e+24
58,0.13,158.4155,18678.8,4.259294e+06,0.266846,1.000000,3.478900e+24
60,0.13,169.5291,19278.9,4.524070e+06,0.303711,1.000000,3.959518e+24
62,0.13,181.0194,19876.5,4.800199e+06,0.341701,1.000000,4.454787e+24
64,0.13,192.8864,20477.1,5.089125e+06,0.380737,1.000000,4.963709e+24
66,0.13,205.1302,21086.3,5.392365e+06,0.420740,1.000000,5.485233e+24
68,0.13,217.7507,21709.9,5.711589e+06,0.461621,1.000000,6.018201e+24
70,0.13,230.7479,22354.2,6.048699e+06,0.503278,1.000000,6.561284e+24
72,0.13,244.1219,23026.3,6.405933e+06,0.545589,1.000000,7.112908e+24
74,0.13,257.8726,23734.9,6.785995e+06,0.588409,1.000000,7.671156e+24
76,0.13,272.0000,24490.5,7.192222e+06,0.631553,1.000000,8.233619e+24
44,0.2,91.1690,13896.5,4.024956e+06,0.045936,1.000000,9.213472e+23
45.58,0.2,97.8341,14727.8,4.345279e+06,0.065438,1.000000,1.312490e+24
46,0.2,99.6454,14930.6,4.427689e+06,0.070897,1.000000,1.421979e+24
48,0.2,108.4986,15821.2,4.811541e+06,0.098228,1.000000,1.970172e+24
50,0.2,117.7285,16621.5,5.189581e+06,0.127483,1.000000,2.556932e+24
52,0.2,127.3352,17362.0,5.569416e+06,0.158399,1.000000,3.177022e+24
54,0.2,137.3186,18062.0,5.956038e+06,0.190806,1.000000,3.827008e+24
56,0.2,147.6787,18734.7,6.353075e+06,0.224578,1.000000,4.504390e+24
56.53,0.2,150.4872,18909.7,6.460413e+06,0.233744,1.000000,4.688228e+24
58,0.2,158.4155,19389.9,6.763420e+06,0.259618,1.000000,5.207177e+24
60,0.2,169.5291,20035.5,7.189571e+06,0.295838,1.000000,5.933647e+24
62,0.2,181.0194,20678.1,7.633850e+06,0.333159,1.000000,6.682196e+24
64,0.2,192.8864,21323.6,8.098552e+06,0.371501,1.000000,7.451238e+24
66,0.2,205.1302,21977.7,8.586066e+06,0.410783,1.000000,8.239115e+24
68,0.2,217.7507,22646.5,9.098988e+06,0.450914,1.000000,9.044016e+24
70,0.2,230.7479,23336.1,9.640238e+06,0.491791,1.000000,9.863890e+24
72,0.2,244.1219,24053.9,1.021320e+07,0.533295,1.000000,1.069634e+25
74,0.2,257.8726,24808.1,1.082190e+07,0.575281,1.000000,1.153847e+25
76,0.2,272.0000,25609.1,1.147119e+07,0.617572,1.000000,1.238671e+25
44,0.323,91.1690,14263.2,6.651354e+06,0.042727,1.000000,1.384025e+24
45.58,0.323,97.8341,15165.4,7.199867e+06,0.061566,1.000000,1.994254e+24
46,0.323,99.6454,15385.6,7.340814e+06,0.066858,1.000000,2.165674e+24
48,0.323,108.4986,16352.6,7.996542e+06,0.093429,1.000000,3.026363e+24
50,0.323,117.7285,17221.9,8.641341e+06,0.121955,1.000000,3.950400e+24
52,0.323,127.3352,18026.5,9.288491e+06,0.152155,1.000000,4.928642e+24
54,0.323,137.3186,18787.1,9.946682e+06,0.183844,1.000000,5.955110e+24
56,0.323,147.6787,19518.2,1.062220e+07,0.216888,1.000000,7.025471e+24
56.53,0.323,150.4872,19708.4,1.080477e+07,0.225858,1.000000,7.316025e+24
58,0.323,158.4155,20230.4,1.132004e+07,0.251181,1.000000,8.136294e+24
60,0.323,169.5291,20931.9,1.204445e+07,0.286632,1.000000,9.284635e+24
62,0.323,181.0194,21629.9,1.279937e+07,0.323157,1.000000,1.046778e+25
64,0.323,192.8864,22330.5,1.358865e+07,0.360675,1.000000,1.168306e+25
66,0.323,205.1302,23039.8,1.441622e+07,0.399100,1.000000,1.292772e+25
68,0.323,217.7507,23763.9,1.528633e+07,0.438340,1.000000,1.419880e+25
70,0.323,230.7479,24509.2,1.620365e+07,0.478294,1.000000,1.549298e+25
72,0.323,244.1219,25282.7,1.717354e+07,0.518841,1.000000,1.680642e+25
74,0.323,257.8726,26092.7,1.820219e+07,0.559843,1.000000,1.813455e+25
76,0.323,272.0000,26948.7,1.929693e+07,0.601128,1.000000,1.947187e+25
44,0.5,91.1690,14601.1,1.051044e+07,0.039787,0.999999,1.995028e+24
45.58,0.5,97.8341,15574.0,1.140686e+07,0.057976,1.000000,2.907079e+24
46,0.5,99.6454,15811.5,1.163698e+07,0.063104,1.000000,3.164221e+24
48,0.5,108.4986,16855.2,1.270645e+07,0.088928,1.000000,4.459111e+24
50,0.5,117.7285,17793.8,1.375664e+07,0.116741,1.000000,5.853690e+24
52,0.5,127.3352,18662.8,1.480959e+07,0.146238,1.000000,7.332783e+24
54,0.5,137.3186,19484.6,1.587970e+07,0.177224,1.000000,8.886477e+24
56,0.5,147.6787,20274.7,1.697737e+07,0.209554,1.000000,1.050762e+25
56.53,0.5,150.4872,20480.2,1.727393e+07,0.218333,1.000000,1.094779e+25
58,0.5,158.4155,21044.2,1.811075e+07,0.243117,1.000000,1.219057e+25
60,0.5,169.5291,21802.2,1.928682e+07,0.277818,1.000000,1.393053e+25
62,0.5,181.0194,22556.0,2.051191e+07,0.313567,1.000000,1.572311e+25
64,0.5,192.8864,23312.3,2.179216e+07,0.350281,1.000000,1.756404e+25
66,0.5,205.1302,24077.2,2.313381e+07,0.387872,1.000000,1.944896e+25
68,0.5,217.7507,24857.0,2.454343e+07,0.426247,1.000000,2.137320e+25
70,0.5,230.7479,25658.2,2.602823e+07,0.465304,1.000000,2.333162e+25
72,0.5,244.1219,26487.7,2.759623e+07,0.504925,1.000000,2.531833e+25
74,0.5,257.8726,27353.4,2.925660e+07,0.544974,1.000000,2.732646e+25
76,0.5,272.0000,28264.5,3.101986e+07,0.585285,1.000000,2.934778e+25
44,0.8,91.1690,14966.6,1.718524e+07,0.036626,0.999999,2.938423e+24
45.58,0.8,97.8341,16022.2,1.870689e+07,0.054065,0.999999,4.337574e+24
46,0.8,99.6454,16280.2,1.909715e+07,0.059004,0.999999,4.733815e+24
48,0.8,108.4986,17414.3,2.090899e+07,0.083965,1.000000,6.736346e+24
50,0.8,117.7285,18435.1,2.268560e+07,0.110951,1.000000,8.901395e+24
52,0.8,127.3352,19380.6,2.446494e+07,0.139637,1.000000,1.120283e+25
54,0.8,137.3186,20275.1,2.627179e+07,0.169810,1.000000,1.362358e+25
56,0.8,147.6787,21135.3,2.812396e+07,0.201318,1.000000,1.615139e+25
56.53,0.8,150.4872,21359.0,2.862420e+07,0.209875,1.000000,1.683795e+25
58,0.8,158.4155,21973.2,3.003537e+07,0.234040,1.000000,1.877665e+25
60,0.8,169.5291,22798.3,3.201778e+07,0.267876,1.000000,2.149123e+25
62,0.8,181.0194,23618.7,3.408181e+07,0.302733,1.000000,2.428778e+25
64,0.8,192.8864,24441.2,3.623758e+07,0.338524,1.000000,2.715919e+25
66,0.8,205.1302,25272.2,3.849525e+07,0.375158,1.000000,3.009832e+25
68,0.8,217.7507,26118.2,4.086540e+07,0.412543,1.000000,3.309761e+25
70,0.8,230.7479,26985.6,4.335935e+07,0.450574,1.000000,3.614880e+25
72,0.8,244.1219,27881.3,4.598949e+07,0.489136,1.000000,3.924261e+25
74,0.8,257.8726,28812.9,4.876958e+07,0.528097,1.000000,4.236835e+25
76,0.8,272.0000,29788.8,5.171496e+07,0.567299,1.000000,4.551343e+25
44,1.3,91.1690,15343.9,2.854040e+07,0.033383,0.999997,4.352144e+24
45.58,1.3,97.8341,16492.8,3.117046e+07,0.049992,0.999998,6.517451e+24
46,1.3,99.6454,16773.9,3.184449e+07,0.054720,0.999998,7.133909e+24
48,1.3,108.4986,18010.8,3.497086e+07,0.078719,0.999999,1.026268e+25
50,1.3,117.7285,19125.3,3.803216e+07,0.104785,0.999999,1.366092e+25
52,1.3,127.3352,20158.5,4.109478e+07,0.132567,0.999999,1.728292e+25
54,1.3,137.3186,21136.5,4.420207e+07,0.161837,1.000000,2.109885e+25
56,1.3,147.6787,22077.2,4.738505e+07,0.192430,1.000000,2.508731e+25
56.53,1.3,150.4872,22322.0,4.824439e+07,0.200742,1.000000,2.617099e+25
58,1.3,158.4155,22993.7,5.066786e+07,0.224219,1.000000,2.923164e+25
60,1.3,169.5291,23896.2,5.407070e+07,0.257096,1.000000,3.351786e+25
62,1.3,181.0194,24793.1,5.761159e+07,0.290965,1.000000,3.793341e+25
64,1.3,192.8864,25691.7,6.130753e+07,0.325734,1.000000,4.246634e+25
66,1.3,205.1302,26598.7,6.517528e+07,0.361313,1.000000,4.710471e+25
68,1.3,217.7507,27520.6,6.923197e+07,0.397604,1.000000,5.183610e+25
70,1.3,230.7479,28463.9,7.349557e+07,0.434507,1.000000,5.664709e+25
72,1.3,244.1219,29435.3,7.798529e+07,0.471906,1.000000,6.152285e+25
74,1.3,257.8726,30442.0,8.272179e+07,0.509672,1.000000,6.644652e+25
76,1.3,272.0000,31491.7,8.772731e+07,0.547657,1.000000,7.139866e+25
44,2,91.1690,15676.1,4.473555e+07,0.030545,0.999994,6.126361e+24
45.58,2,97.8341,16914.4,4.901070e+07,0.046368,0.999996,9.300048e+24
46,2,99.6454,17217.8,5.010587e+07,0.050897,0.999996,1.020839e+25
48,2,108.4986,18554.6,5.518215e+07,0.073981,0.999998,1.483848e+25
50,2,117.7285,19760.6,6.014725e+07,0.099171,0.999998,1.989076e+25
52,2,127.3352,20879.6,6.510981e+07,0.126092,0.999999,2.529045e+25
54,2,137.3186,21939.4,7.014085e+07,0.154502,0.999999,3.098862e+25
56,2,147.6787,22959.3,7.529112e+07,0.184226,0.999999,3.695028e+25
56.53,2,150.4872,23224.7,7.668108e+07,0.192305,0.999999,3.857073e+25
58,2,158.4155,23953.1,8.059988e+07,0.215127,1.000000,4.314831e+25
60,2,169.5291,24931.7,8.609974e+07,0.247095,1.000000,4.956007e+25
62,2,181.0194,25903.9,9.181950e+07,0.280028,1.000000,5.616541e+25
64,2,192.8864,26877.3,9.778598e+07,0.313831,1.000000,6.294536e+25
66,2,205.1302,27859.0,1.040252e+08,0.348411,1.000000,6.988115e+25
68,2,217.7507,28855.4,1.105634e+08,0.383672,1.000000,7.695346e+25
70,2,230.7479,29873.1,1.174274e+08,0.419511,1.000000,8.414174e+25
72,2,244.1219,30918.5,1.246453e+08,0.455816,1.000000,9.142349e+25
74,2,257.8726,31998.4,1.322462e+08,0.492462,1.000000,9.877359e+25
76,2,272.0000,33119.9,1.402605e+08,0.529307,1.000000,1.061635e+26
