v,rho_impact,length,e_eff,tau_flux_weighted,escape_share_of_ke,bias_rosseland,bias_planck,mean_selection_spread,worst_bias,worst_tau,delta_e_eff,delta_f,verdict
69000.0,0.04,10.0,0.586553,2.087687e+02,1.854838e-01,7.509084e-01,-4.007767e-01,1.151685e+00,9.021834e+03,3.174891e+02,1.187286e-01,5.817702e-02,ESCALATE
63000.0,0.04,10.0,0.602081,2.048054e+02,1.480125e-01,9.220724e-01,-4.359140e-01,1.357986e+00,7.220826e+03,3.470243e+02,1.133388e-01,5.553601e-02,ESCALATE
55000.0,0.04,10.0,0.620180,1.963000e+02,1.001082e-01,8.679729e-01,-4.538654e-01,1.321838e+00,6.427591e+02,4.107692e+02,7.005324e-02,3.432609e-02,ESCALATE
55000.0,0.02,10.0,0.517524,1.328689e+02,2.773640e-01,2.054120e-01,-4.428268e-01,6.482388e-01,2.393420e+03,1.627014e+02,5.504472e-02,2.697192e-02,ESCALATE
63000.0,0.02,10.0,0.475866,1.279511e+02,3.668280e-01,1.400231e-01,-4.516544e-01,5.916775e-01,5.441158e+02,1.349797e+02,5.396939e-02,2.644500e-02,ESCALATE
28000.0,0.01,10.0,0.525947,1.193534e+01,1.740804e-01,-3.217164e-01,-4.520973e-01,1.303809e-01,1.227917e+02,5.992961e+01,5.324160e-02,2.608838e-02,ESCALATE
69000.0,0.02,10.0,0.449977,1.244979e+02,4.204620e-01,1.121488e-01,-4.629668e-01,5.751156e-01,4.424015e+03,1.235605e+02,5.239633e-02,2.567420e-02,ESCALATE
45000.0,0.02,10.0,0.570727,1.086738e+02,1.506383e-01,3.338550e-01,-4.603544e-01,7.942094e-01,3.634942e+03,2.408547e+02,4.405901e-02,2.158891e-02,ESCALATE
22000.0,0.01,10.0,0.522713,7.836875e+00,1.290314e-01,-3.542632e-01,-4.451691e-01,9.090598e-02,5.629178e+01,3.733722e+01,4.372486e-02,2.142518e-02,ESCALATE
69000.0,0.01,10.0,0.335791,7.304993e+01,6.018891e-01,-4.302631e-02,-4.880009e-01,4.449746e-01,8.032868e+03,5.715239e+01,3.856125e-02,1.889501e-02,PASS
35000.0,0.01,10.0,0.512040,2.845272e+01,2.194935e-01,-1.512219e-01,-4.636809e-01,3.124590e-01,3.191642e+03,7.247184e+01,3.241180e-02,1.588178e-02,ESCALATE
63000.0,0.01,10.0,0.358727,7.420514e+01,5.581304e-01,-3.650797e-02,-4.913052e-01,4.547972e-01,6.433968e+03,6.278661e+01,2.840069e-02,1.391634e-02,PASS
45000.0,0.04,10.0,0.628710,2.260432e+02,6.072802e-02,5.666561e-01,-2.029740e-01,7.696300e-01,2.397946e+02,7.524640e+02,2.736708e-02,1.340987e-02,ESCALATE
22000.0,0.02,10.0,0.576851,1.595281e+01,9.629719e-02,-3.183008e-01,-4.484938e-01,1.301930e-01,1.029596e+01,1.315294e+02,2.656793e-02,1.301828e-02,ESCALATE
28000.0,0.02,10.0,0.581306,2.340582e+01,1.222114e-01,-2.234171e-01,-4.430236e-01,2.196065e-01,3.254165e+01,1.966291e+02,2.348514e-02,1.150772e-02,ESCALATE
16000.0,0.01,10.0,0.496947,1.983557e+01,6.005939e-02,-3.583381e-01,-4.219763e-01,6.363813e-02,1.617479e+01,8.334396e+00,2.165379e-02,1.061036e-02,ESCALATE
55000.0,0.01,10.0,0.395423,7.307635e+01,4.836237e-01,-2.969956e-02,-4.900175e-01,4.603179e-01,6.021738e+03,7.093139e+01,1.816207e-02,8.899415e-03,PASS
45000.0,0.01,10.0,0.450443,6.161966e+01,3.639654e-01,-4.182656e-02,-4.857351e-01,4.439086e-01,5.196233e+03,7.699995e+01,1.689828e-02,8.280159e-03,PASS
22000.0,0.04,10.0,0.617155,3.406065e+01,6.510787e-02,-2.816254e-01,-4.754380e-01,1.938126e-01,1.413308e+01,4.216458e+02,1.485530e-02,7.279095e-03,ESCALATE
16000.0,0.02,10.0,0.548897,2.887223e+01,3.910880e-02,-2.224314e-01,-4.072471e-01,1.848157e-01,4.748433e+00,3.222832e+01,7.924089e-03,3.882804e-03,ESCALATE
69000.0,0.3,10.0,0.703994,2.936103e+03,8.990754e-03,1.161779e+00,-4.799635e-01,1.641742e+00,2.860198e+03,5.770548e+03,7.418582e-03,3.635105e-03,ESCALATE
63000.0,0.3,10.0,0.700846,3.570710e+03,7.803157e-03,9.470121e-01,-4.796237e-01,1.426636e+00,2.238318e+03,6.815643e+03,5.271974e-03,2.583267e-03,ESCALATE
35000.0,0.04,10.0,0.622681,1.260745e+02,4.951753e-02,1.300708e-01,-3.812467e-01,5.113175e-01,3.521078e+01,8.342025e+02,5.171822e-03,2.534193e-03,ESCALATE
35000.0,0.02,10.0,0.585970,5.252555e+01,1.099304e-01,4.879203e-02,-3.596270e-01,4.084190e-01,1.177774e+03,2.521350e+02,4.576794e-03,2.242629e-03,PASS
55000.0,0.3,10.0,0.695927,4.746915e+03,6.739288e-03,6.398024e-01,-4.830467e-01,1.122849e+00,1.573617e+03,9.166837e+03,3.097892e-03,1.517967e-03,ESCALATE
28000.0,0.04,10.0,0.614360,5.803023e+01,6.543968e-02,-5.449117e-02,-4.646693e-01,4.101781e-01,1.887562e+01,6.544202e+02,2.902116e-03,1.422037e-03,PASS
16000.0,0.04,10.0,0.583995,7.194340e+01,2.032859e-02,-1.247324e-01,-4.259685e-01,3.012360e-01,4.062058e+00,1.023188e+02,2.170938e-03,1.063759e-03,ESCALATE
45000.0,0.3,10.0,0.684941,6.287361e+03,6.179856e-03,2.690876e-01,-4.867927e-01,7.558803e-01,7.205328e+02,1.740356e+04,1.213916e-03,5.948189e-04,ESCALATE
28000.0,0.3,10.0,0.665310,1.920362e+03,9.041110e-03,-1.281915e-01,-4.960182e-01,3.678267e-01,1.074853e+02,1.684290e+04,8.710176e-04,4.267986e-04,ESCALATE
22000.0,0.3,10.0,0.670277,1.015364e+03,9.030881e-03,-6.783396e-02,-4.992213e-01,4.313874e-01,3.603922e+01,1.017771e+04,4.569753e-04,2.239179e-04,PASS
16000.0,0.3,10.0,0.629561,3.092614e+03,1.930197e-03,-2.107323e-01,-4.025868e-01,1.918545e-01,5.461814e+00,2.343336e+03,3.230463e-04,1.582927e-04,ESCALATE
35000.0,0.3,10.0,0.671478,4.090058e+03,7.214312e-03,-3.807477e-02,-4.918988e-01,4.538241e-01,3.129444e+02,2.170495e+04,2.045363e-04,1.002228e-04,PASS
