parent,case,stride,window_start_s,window_end_s,positive_interval_bond_decrease_j,kinetics_validated,weighted_cell_intervals,status,above_reference_thermo_3500k_weight_j,above_reference_thermo_3500k_fraction,pressure_above_100mpa_weight_j,pressure_above_100mpa_fraction,pressure_above_1gpa_weight_j,pressure_above_1gpa_fraction,nonideal_pressure_gt10pct_weight_j,nonideal_pressure_gt10pct_fraction,ionized_nuclei_gt1pct_weight_j,ionized_nuclei_gt1pct_fraction,resolved_expansion_clock_weight_j,resolved_expansion_clock_fraction,network_da_gt10_weight_j,network_da_gt10_fraction,network_da_lt0p1_weight_j,network_da_lt0p1_fraction,network_da_gt10000_weight_j,network_da_gt10000_fraction,old_proxy_da_gt10_weight_j,old_proxy_da_gt10_fraction,tracking_da_gt10_weight_j,tracking_da_gt10_fraction,tracking_da_lt0p1_weight_j,tracking_da_lt0p1_fraction,tracking_da_gt10000_weight_j,tracking_da_gt10000_fraction,cold_unmodelled_weight_j,cold_unmodelled_fraction,tiny_interval_change_weight_j,tiny_interval_change_fraction,unresolved_network_weight_j,unresolved_network_fraction,no_expansion_clock_weight_j,no_expansion_clock_fraction,temperature_k_p10,temperature_k_p50,temperature_k_p90,pressure_pa_p10,pressure_pa_p50,pressure_pa_p90,rho_kg_m3_p10,rho_kg_m3_p50,rho_kg_m3_p90,x_m_p10,x_m_p50,x_m_p90,da_energy_p10,da_energy_p50,da_energy_p90,da_old_oh_proxy_p10,da_old_oh_proxy_p50,da_old_oh_proxy_p90,old_proxy_time_over_network_time_p10,old_proxy_time_over_network_time_p50,old_proxy_time_over_network_time_p90,water_collider_efficiency_p10,water_collider_efficiency_p50,water_collider_efficiency_p90,da_store_change_p10,da_store_change_p50,da_store_change_p90,da_tracking_p10,da_tracking_p50,da_tracking_p90
freeze_parent_h1_n40,combined_h1_n40,1,0.0001,0.0001535,252793423.89854014,False,24357,conditional_rate_screen,252793423.89854014,1.0,252086084.30174753,0.9972019066560984,209097942.04629683,0.8271494519976884,208777707.52935982,0.8258826685822087,43.272801344282925,1.7117850882723386e-07,250055830.18467477,0.9891706292369215,250055830.18467477,0.9891706292369215,0,0.0,250055793.0998291,0.9891704825367222,250055793.0998291,0.9891704825367222,250055830.18467477,0.9891706292369215,0,0.0,250055793.0998291,0.9891704825367222,0,0.0,0.48563919321168214,1.9210910858448428e-09,0,0.0,2737593.2282261783,0.010829368841987458,5147.258908801296,8989.246328087478,9446.905360148676,181299838.96081868,2438333280.751167,3349218742.5989237,59.16045802763854,272.71562063919225,333.286696235653,0.0015879223668093434,0.007691052838117544,0.05101746579274221,252378.59794267587,3246781.725314678,12066861.011717524,85280.40401748205,610400.4388020927,2216497.671528369,2.8162908451501516,5.318915163267452,5.594885465914328,1.279812333290654,1.3056817016991795,2.2711506826225696,1461419.2447998682,18858482.578128938,42695923.87047396,252378.59794267587,3246781.725314678,12066861.011717524
freeze_parent_h1_n40,combined_h1_n40,1,0.0001535,0.000193,1377866104.6043854,False,27446,conditional_rate_screen,1377866104.6043854,1.0,1223165643.873192,0.8877246053050916,272604915.32381374,0.1978457227540875,179161026.3220494,0.1300278929304893,347.98411476425827,2.525529248461859e-07,1376492202.5405557,0.9990028769419332,1376492202.5405557,0.9990028769419332,0,0.0,1376086036.2500255,0.998708097725598,1376492171.735851,0.9990028545851131,1376492202.5405557,0.9990028769419332,0,0.0,1376086036.2500255,0.998708097725598,0,0.0,0.6472009560093284,4.697125169467417e-10,0,0.0,1373901.4166285098,0.0009971225883541029,5649.100798454066,6753.980305735043,8241.641341557819,95826937.40345532,364776533.7180545,1384472961.7603252,23.29555803631618,69.94644714687135,189.17109767839676,0.00514757135694994,0.02162089261853102,0.0855517701048111,51846.898039168875,154262.60997003003,843053.1635070791,12978.88476478781,36451.41834479466,174039.79508597378,3.837404970903375,4.2473088653992335,4.971307457305056,1.3423911498810792,1.474675122158044,1.6396065279308392,351229.2781252553,1051181.1734993074,5430890.1023759935,51846.898039168875,154262.60997003003,842055.472574942
freeze_parent_h1_n40,combined_h1_n40,1,0.000193,0.00025,371097577.960646,False,40063,conditional_rate_screen,371097577.960646,1.0,0,0.0,0,0.0,0,0.0,40.39278048090637,1.0884679092459591e-07,371019795.8529142,0.9997903998507368,371019795.8529142,0.9997903998507368,0,0.0,371019756.1778384,0.9997902929379511,371019756.1778384,0.9997902929379511,371019795.8529142,0.9997903998507368,0,0.0,371019756.1778384,0.9997902929379511,0,0.0,0.6460120994597673,1.7408146477535765e-09,0,0.0,77781.46171963424,0.00020959840844847225,4861.496268359698,5114.015415141026,5385.610052413574,26324037.865739956,40274761.093859114,61277437.10382124,7.891029445158312,11.398801654598612,16.3965050485553,0.035738035808768324,0.19461986666152364,0.42790766700173966,21069.857512723447,32879.971468801836,52475.86721827101,5608.749428203973,8822.191252619541,13878.037096738533,3.6258011262752876,3.708216481444908,3.835091370960675,1.6561642539396588,1.738290771408899,1.8164508024247004,134001.46326501304,226633.5953011198,344063.60581275204,21069.857512723447,32879.971468801836,52475.86721827101
freeze_parent_h1_n40,combined_h1_n40,1,0.0001,0.00025,2001757106.4635713,False,91866,conditional_rate_screen,2001757106.4635713,1.0,1475251728.1749394,0.7369783893417573,481702857.3701106,0.24064001362338952,387938733.8514092,0.19379910409648346,431.64969658944756,2.1563540111618575e-07,1997567828.5781448,0.9979071996937593,1997567828.5781448,0.9979071996937593,0,0.0,1997161585.527693,0.997704256464963,1997567721.0135186,0.9979071459586553,1997567828.5781448,0.9979071996937593,0,0.0,1997161585.527693,0.997704256464963,0,0.0,1.7788522486807778,8.88645402050506e-10,0,0.0,4189276.106574322,0.0020927994175953535,5101.675499069928,6541.372044875039,8739.400637511355,41957387.21968525,284346864.0642548,2018254939.787983,11.69324393788539,59.46099618618019,244.33896046304272,0.004547926650431829,0.023977663573593495,0.19631205605642538,31560.295475953197,132940.91248248008,2376458.0346049303,8196.67989785497,31908.456641786153,460059.19549430604,3.6847934718736224,4.163298831468025,5.249541245885211,1.3096765169271483,1.499423473556896,1.7558671865009867,214039.89707094248,935646.378856606,15531624.024256257,31560.295475953197,132940.91248248008,2373884.826739504
freeze_parent_h1_n40,unsprayed_h1_n40,1,0.0001,0.0001535,10.90269764419645,False,1017,negligible_molecular_return,10.90269764419645,1.0,9.005889296531677e-06,8.260239429207273e-07,0,0.0,0,0.0,10.90269764419645,1.0,10.641674529761076,0.976058850483273,10.641674529761076,0.976058850483273,0,0.0,0,0.0,0,0.0,10.641674529761076,0.976058850483273,0,0.0,0,0.0,0,0.0,0.26102311443537474,0.023941149516727024,0,0.0,0,0.0,22844.609325224857,23266.978235813902,23733.189256699243,5490172.259333334,5784755.744398845,6865793.033783758,0.11124153672753334,0.11577330508051932,0.1320075099022935,1.0435813366373317,1.1070808391991944,1.1286876920690014,690.5884610598871,703.033219662905,717.391035358022,5.576669656910828e-07,5.580064440921336e-07,5.649184631685727e-07,1222456878.4430299,1273093852.526657,1285632169.5804143,0.999996711461439,0.9999968136295714,0.9999968400842685,317374793.3016634,494228576.8236619,937099403.2513394,690.5884610598871,703.033219662905,717.391035358022
freeze_parent_h1_n40,unsprayed_h1_n40,1,0.0001535,0.000193,1.9989689579233527,False,1559,negligible_molecular_return,1.9989689579233527,1.0,0,0.0,0,0.0,0,0.0,1.9989689579233527,1.0,1.6233178973197937,0.8120775917431917,1.6233178973197937,0.8120775917431917,0,0.0,0,0.0,0,0.0,1.6233178973197937,0.8120775917431917,0,0.0,0,0.0,0,0.0,0.375651060603559,0.18792240825680834,0,0.0,0,0.0,26799.896354782155,28412.466500282848,54907.169341663364,1726983.1380809522,2184776.091096904,33497841.202398784,0.024182963940239496,0.02858609953870526,0.19625692253223959,1.1907562928028583,4.222695261041211,5.246992731366887,174.78383590199445,230.98748866988274,282.16286442383006,4.939943831489816e-11,9.537500274085641e-11,1.5129132344834929e-10,1865030049262.2778,2421887098630.0176,3538174559553.285,0.9999999143926044,0.99999992303549,0.9999999337244313,1527093427.0535498,1683025746.587052,1887895871.808057,174.78383590199445,230.98748866988274,282.16286442383006
freeze_parent_h1_n40,unsprayed_h1_n40,1,0.000193,0.00025,2.7996129356324673,False,957,negligible_molecular_return,2.7996129356324673,1.0,0,0.0,0,0.0,0,0.0,2.7996129356324673,1.0,2.627737638540566,0.9386074785895099,2.627737638540566,0.9386074785895099,0,0.0,0,0.0,0,0.0,2.627737638540566,0.9386074785895099,0,0.0,0,0.0,0,0.0,0.1718752970919013,0.061392521410490106,0,0.0,0,0.0,23998.76249978573,25121.844363277884,26344.284201037808,1068620.8861527129,1332490.9018981108,1608771.772050098,0.017087933315334283,0.020116786153131214,0.022903655362406447,5.7284185669169165,6.766809138636512,8.454742441966307,313.3028766895737,378.6307717988817,445.96752277434547,1.9347401337239148e-10,3.107877460797876e-10,4.4206031712257e-10,1008838625636.447,1218293760210.4717,1619353789320.2231,0.9999998893960063,0.9999998973703392,0.9999999091913806,1149823515.281419,1541526721.7104578,2088762564.992857,313.3028766895737,378.6307717988817,445.96752277434547
freeze_parent_h1_n40,unsprayed_h1_n40,1,0.0001,0.00025,15.70127953775227,False,3533,negligible_molecular_return,15.70127953775227,1.0,9.005889296531677e-06,5.735767760122894e-07,0,0.0,0,0.0,15.70127953775227,1.0,14.892730065621436,0.9485042304872827,14.892730065621436,0.9485042304872827,0,0.0,0,0.0,0,0.0,14.892730065621436,0.9485042304872827,0,0.0,0,0.0,0,0.0,0.8085494721308351,0.05149576951271728,0,0.0,0,0.0,22844.609325224857,23493.58982626051,29511.236952814532,1362727.1307060104,5784755.744398845,6865793.033783758,0.02043753537419596,0.11577330508051932,0.1320075099022935,1.0435813366373317,1.1286876920690014,6.621179881354115,243.94151228553167,696.5561261920474,717.391035358022,1.0881891610648134e-10,5.580064440921336e-07,5.613830081812537e-07,1240785909.1580312,1285632169.5804143,2241719739671.2744,0.9999967486921831,0.9999968400842685,0.9999999205420411,317374793.3016634,548361761.9088587,1935669429.5386977,243.94151228553167,696.5561261920474,717.391035358022
freeze_parent_h1_n40,combined_h1_n40,2,0.0001,0.0001535,243274971.8304739,False,12411,conditional_rate_screen,243274971.8304739,1.0,242564878.1160512,0.9970811065804273,200397808.8249451,0.8237502087333186,200078632.40350166,0.8224382101374834,37.348635448142886,1.5352436449635793e-07,241933027.63512346,0.9944838378348038,241933027.63512346,0.9944838378348038,0,0.0,241932990.40107495,0.9944836847814574,241932990.40107495,0.9944836847814574,241933027.63512346,0.9944838378348038,0,0.0,241932990.40107495,0.9944836847814574,0,0.0,0.11458692140877247,4.71018126306155e-10,0,0.0,1341944.080763529,0.005516161694178152,5139.283014914831,8926.264625577223,9435.323271001313,178664653.94991443,2391832455.855223,3310516782.8937273,58.60940316620017,270.1855911475994,331.0927528232174,0.0016120277058087776,0.007622956962549123,0.05164648971877805,263103.3217916653,3124754.6255176123,10860779.772883771,88001.86152916512,594778.2026728044,2052922.0272349133,2.8154187537451265,5.2851858484599505,5.57563692916259,1.2815297129821273,1.3083248617471257,2.2729375565663106,1428016.873479857,17621096.458864976,41715655.67128615,263103.3217916653,3124754.6255176123,10860779.772883771
freeze_parent_h1_n40,combined_h1_n40,2,0.0001535,0.000193,1376478357.175681,False,13727,conditional_rate_screen,1376478357.175681,1.0,1217844834.7312434,0.8847540743249106,238531371.61937824,0.17329104404431567,149453944.0321208,0.10857703882738627,326.0486228670925,2.368715942153231e-07,1372805086.2445202,0.9973313994281044,1372805086.2445202,0.9973313994281044,0,0.0,1372153843.5240338,0.9968582770451105,1372805037.6409695,0.9973313641180318,1372805086.2445202,0.9973313994281044,0,0.0,1372153843.5240338,0.9968582770451105,0,0.0,0.17508848570287228,1.272003186901729e-10,0,0.0,3673270.7560724323,0.0026686004446952664,5641.886575757269,6706.8484444645555,8155.972588113856,94983633.71717513,343930183.3192185,1292480363.4287188,23.091761118396988,67.20978271165446,180.54964656170617,0.0052689155557087705,0.022473235827956774,0.08654872398651875,51410.37439510742,148003.52850099202,750315.287433345,12832.108231734646,35259.22485125223,158584.532911536,3.834536291562205,4.230001134617945,4.919614779108335,1.3471885303069675,1.4799858722510872,1.6411410017617518,333593.14931346144,997218.498606024,5199825.077605896,51410.37439510742,148003.52850099202,748251.7313181236
freeze_parent_h1_n40,combined_h1_n40,2,0.000193,0.00025,371007048.58874357,False,20036,conditional_rate_screen,371007048.58874357,1.0,0,0.0,0,0.0,0,0.0,40.388329275883734,1.0886135298376411e-07,370706657.5500521,0.9991903360331452,370706657.5500521,0.9991903360331452,0,0.0,370706617.49508744,0.9991902280703321,370706617.49508744,0.9991902280703321,370706657.5500521,0.9991903360331452,0,0.0,370706617.49508744,0.9991902280703321,0,0.0,0.19606356509029865,5.28463181053017e-10,0,0.0,300390.842627855,0.0008096634383915286,4859.518638753108,5110.97472849979,5380.688649651642,26242549.103682242,40086399.45444741,60840875.712221436,7.866973193162769,11.350969143862539,16.30381421212597,0.03595451984732548,0.19558399329617793,0.4292881743078184,21022.890356194333,32811.625352476105,52575.16915639447,5597.438554385616,8809.460879593154,13895.636855008244,3.625375518575808,3.707430217325002,3.834027846226467,1.6566951527535467,1.7389921552365977,1.8169533460430516,133429.1330539386,224978.86023227355,341565.91332163085,21022.890356194333,32811.625352476105,52575.16915639447
freeze_parent_h1_n40,combined_h1_n40,2,0.0001,0.00025,1990760377.5948987,False,46174,conditional_rate_screen,1990760377.5948987,1.0,1460409712.8472946,0.7335939218418955,438929180.44432336,0.22048318089121693,349532576.43562245,0.17557742276240396,403.7855875911191,2.0282982931323227e-07,1985444771.4296958,0.9973298613810946,1985444771.4296958,0.9973298613810946,0,0.0,1984793451.420196,0.9970026899058985,1985444645.5371318,0.997329798142663,1985444771.4296958,0.9973298613810946,0,0.0,1984793451.420196,0.9970026899058985,0,0.0,0.4857389722019434,2.4399670481124415e-10,0,0.0,5315605.679463817,0.0026701383749086717,5097.649724932061,6493.846246993025,8711.35642267845,41610000.59317076,271203031.8485511,1908007091.531179,11.616737707595153,57.131754271931214,235.43300710029527,0.00463984702937935,0.02485153586557408,0.19824361537899896,31391.377589580854,127317.18552287329,2208876.438534754,8201.830087537197,30650.335373129434,430790.45665074454,3.683865227641584,4.149215981576269,5.2046726127095235,1.314257360840073,1.5050008702735882,1.7567719384253835,207404.7307468164,883086.4567499363,14530326.30824966,31391.377589580854,127317.18552287329,2208876.438534754
freeze_parent_h1_n40,unsprayed_h1_n40,2,0.0001,0.0001535,9.836684702895582,False,507,negligible_molecular_return,9.836684702895582,1.0,5.122274160385132e-06,5.207317622854487e-07,0,0.0,0,0.0,9.836684702895582,1.0,9.610139485448599,0.9769693525522583,9.610139485448599,0.9769693525522583,0,0.0,0,0.0,0,0.0,9.610139485448599,0.9769693525522583,0,0.0,0,0.0,0,0.0,0.22654521744698286,0.023030647447741793,0,0.0,0,0.0,22665.424189197147,23051.55519550255,23493.58982626051,5226902.277407092,5784755.744398845,6467473.517035383,0.10706882670325168,0.11577330508051932,0.1261005124889958,1.0645178972195946,1.1070808391991944,1.1504995602306347,696.5561261920474,709.9623857785118,723.6767242923868,5.531263044178e-07,5.576669656910828e-07,5.613830081812537e-07,1240785909.1580312,1273093852.526657,1308339014.9996603,0.9999967486921831,0.9999968136295714,0.9999968772062597,446820315.6195828,682003285.7510029,849257739.692778,696.5561261920474,709.9623857785118,723.6767242923868
freeze_parent_h1_n40,unsprayed_h1_n40,2,0.0001535,0.000193,1.9928840640932322,False,781,negligible_molecular_return,1.9928840640932322,1.0,0,0.0,0,0.0,0,0.0,1.9928840640932322,1.0,1.631398661993444,0.8186119259956725,1.631398661993444,0.8186119259956725,0,0.0,0,0.0,0,0.0,1.631398661993444,0.8186119259956725,0,0.0,0,0.0,0,0.0,0.3614854020997882,0.18138807400432752,0,0.0,0,0.0,26799.896354782155,28412.466500282848,54809.13178026308,1726983.1380809522,2184776.091096904,33255796.152106162,0.024182963940239496,0.02858609953870526,0.19519150861237236,1.2105394813747719,4.222695261041211,5.246992731366887,174.78383590199445,232.82403669987852,283.8432074732776,4.939943831489816e-11,9.721109465375977e-11,1.533671826261448e-10,1850742790034.7322,2395035644122.065,3538174559553.285,0.9999999141212697,0.9999999226825628,0.9999999337244313,1533112086.4657614,1675939362.1858923,1888616755.313061,174.78383590199445,232.82403669987852,283.8432074732776
freeze_parent_h1_n40,unsprayed_h1_n40,2,0.000193,0.00025,2.7980540320277214,False,474,negligible_molecular_return,2.7980540320277214,1.0,0,0.0,0,0.0,0,0.0,2.7980540320277214,1.0,2.627737638540566,0.939130412944982,2.627737638540566,0.939130412944982,0,0.0,0,0.0,0,0.0,2.627737638540566,0.939130412944982,0,0.0,0,0.0,0,0.0,0.17031639348715544,0.06086958705501797,0,0.0,0,0.0,23998.76249978573,25093.987927588572,26310.36306114081,1068620.8861527129,1326638.6074050542,1600325.994925809,0.017087933315334283,0.020054039893465152,0.022903655362406447,5.756927380835636,6.766809138636512,8.454742441966307,315.08958538392193,378.6307717988817,447.1688983903265,1.9614111190866603e-10,3.107877460797876e-10,4.4490123074225055e-10,1005097013654.6771,1218293760210.4717,1606443352532.0527,0.9999998892257618,0.9999998973703392,0.9999999088829935,1136949099.3054826,1535281411.3629413,2086426741.9428763,315.08958538392193,378.6307717988817,447.1688983903265
freeze_parent_h1_n40,unsprayed_h1_n40,2,0.0001,0.00025,14.627622799016535,False,1762,negligible_molecular_return,14.627622799016535,1.0,5.122274160385132e-06,3.5017816843961275e-07,0,0.0,0,0.0,14.627622799016535,1.0,13.869275785982609,0.9481565102235947,13.869275785982609,0.9481565102235947,0,0.0,0,0.0,0,0.0,13.869275785982609,0.9481565102235947,0,0.0,0,0.0,0,0.0,0.7583470130339265,0.05184348977640528,0,0.0,0,0.0,22665.424189197147,23493.58982626051,29838.073991568035,1338436.6644467767,5784755.744398845,6467473.517035383,0.020179992657620712,0.11577330508051932,0.1261005124889958,1.0645178972195946,1.1070808391991944,6.708506017618429,236.51126143009463,696.5561261920474,723.6767242923868,9.721109465375977e-11,5.576669656910828e-07,5.613830081812537e-07,1240785909.1580312,1273093852.526657,2395035644122.065,0.9999967486921831,0.9999968136295714,0.9999999219733929,446820315.6195828,682003285.7510029,1888616755.313061,236.51126143009463,696.5561261920474,723.6767242923868
freeze_parent_h1_n80,combined_h1_n80,1,0.0001,0.0001535,235849530.103982,False,29050,conditional_rate_screen,235849530.103982,1.0,235230868.56996912,0.9973768803620676,195603685.8632205,0.8293579630071012,195458073.93865776,0.8287405696864593,55.63502194592729,2.3589201946426931e-07,234156904.27004763,0.992823280872393,234156904.27004763,0.992823280872393,0,0.0,234156849.40109667,0.992823048228508,234156849.40109667,0.992823048228508,234156904.27004763,0.992823280872393,0,0.0,234156849.40109667,0.992823048228508,0,0.0,0.4947535498649813,2.097750839897171e-09,0,0.0,1692625.3391808153,0.007176717029856137,5135.057456021169,9023.624032946962,9448.502157793766,181102270.3127249,2536858242.115246,3378194285.1517286,59.02548437225389,279.3288519834195,334.49197979043134,0.0015470117178737583,0.007530372385380025,0.047099709767467884,236731.52045890014,3192627.2870285157,10630014.20757669,82676.95866792901,597292.7187040845,1944312.1904426732,2.8152334969702797,5.33926149697785,5.591120107797556,1.2809883527342427,1.3039549302159796,2.274730015057825,1257093.1942250137,17883252.800106626,40238450.60551432,236731.52045890014,3192627.2870285157,10630014.20757669
freeze_parent_h1_n80,combined_h1_n80,1,0.0001535,0.000193,1405688328.8299036,False,55437,conditional_rate_screen,1405688328.8299036,1.0,1248776855.2828293,0.8883739230603931,287313327.5530317,0.20439333646043117,187210647.28870824,0.13318076521595834,224.09278654726222,1.5941854389144518e-07,1402209870.4933074,0.9975254412622948,1402209870.4933074,0.9975254412622948,0,0.0,1399895202.5219913,0.9958787974623545,1402147595.0341036,0.9974811387964306,1402209870.4933074,0.9975254412622948,0,0.0,1399895202.5219913,0.9958787974623545,0,0.0,0.6483540101908147,4.612359631174467e-10,0,0.0,3478457.6882421738,0.002474558276469184,5653.300137681743,6760.547378170412,8269.964789878544,95779584.69029194,372567911.36860746,1431232416.0954392,23.522143205171812,71.11702699582867,192.1473109134473,0.005018894813251295,0.021078545854961266,0.08540817873574177,50873.015879066916,148120.86429543776,791710.0867103304,12710.299475285354,35042.13114693193,164661.20110032655,3.85273660334226,4.261557298654468,4.9637054031240275,1.3414780300007556,1.4708344738680024,1.6315251895988843,343673.9169730469,1014081.7928710178,5913908.685108504,50873.015879066916,148120.86429543776,791438.1899010285
freeze_parent_h1_n80,combined_h1_n80,1,0.000193,0.00025,369298486.5800853,False,80832,conditional_rate_screen,369298486.5800853,1.0,0,0.0,0,0.0,0,0.0,40.93152913497761,1.1083589730904918e-07,369171584.77673084,0.9996563706379368,369171584.77673084,0.9996563706379368,0,0.0,369171544.5994222,0.9996562618443454,369171544.5994222,0.9996562618443454,369171584.77673084,0.9996563706379368,0,0.0,369171544.5994222,0.9996562618443454,0,0.0,0.6068318500183523,1.6432015620696458e-09,0,0.0,126901.19652257883,0.0003436277188616621,4861.395583234243,5109.732238546158,5367.741464598115,26037440.8942052,39837646.955260634,60280975.71094192,7.867567634885542,11.32323481867578,16.140115078083415,0.03576383069506123,0.19520069686220104,0.4312311329141989,20919.122043435815,32813.01455736812,52462.61631505467,5653.6217366213305,8812.434465022281,13836.759658091578,3.630825871567302,3.710085914586793,3.8268605470364765,1.662011974186855,1.737244816574998,1.8131498053684822,133346.01241494066,226773.04659227654,342251.68462297437,20919.122043435815,32813.01455736812,52462.61631505467
freeze_parent_h1_n80,combined_h1_n80,1,0.0001,0.00025,2010836345.5139709,False,165319,conditional_rate_screen,2010836345.5139709,1.0,1484007723.8527985,0.7380052221373019,482917013.4162522,0.24015729300577085,382668721.22736603,0.1903032646495932,320.6593376281671,1.5946565633923154e-07,2005538359.5400858,0.9973652823683516,2005538359.5400858,0.9973652823683516,0,0.0,2003223596.52251,0.9962141379588427,2005475989.0346224,0.9973342651721474,2005538359.5400858,0.9973652823683516,0,0.0,2003223596.52251,0.9962141379588427,0,0.0,1.7499394100741483,8.702545157283115e-10,0,0.0,5297984.223945567,0.002634716761393827,5102.525278528528,6530.838268119642,8758.809650364494,41715254.753770754,287127212.2478511,2066627988.9799461,11.714935420879488,59.69853555673083,245.0813162074478,0.004531491752287696,0.023464936975265277,0.195455239529657,31156.954245652323,127997.91695812596,2401158.911513665,8133.781458051259,30687.887284732507,465882.28938555974,3.694325768636514,4.171385649440816,5.220462558009665,1.3123388889681828,1.4969501413008277,1.7495441436703252,212213.1552438588,891460.2339357976,13921462.001539955,31156.954245652323,127997.91695812596,2400401.174728346
freeze_parent_h1_n80,unsprayed_h1_n80,1,0.0001,0.0001535,7.091936459764838,False,2302,negligible_molecular_return,7.091936459764838,1.0,0.0001233164221048355,1.7388258172426515e-05,0,0.0,0,0.0,7.091936459764838,1.0,6.832949959207326,0.9634815537298117,6.832949959207326,0.9634815537298117,0,0.0,0,0.0,0,0.0,6.832949959207326,0.9634815537298117,0,0.0,0,0.0,0,0.0,0.25898650055751204,0.036518446270188354,0,0.0,0,0.0,20672.241554950127,21323.644148331998,29127.35431065124,1404901.0261292644,1998488.446007901,2731656.292636843,0.022875303052320425,0.04162068223251629,0.04885459490095986,1.2135457051224787,1.3439658642187624,3.080317393184879,114.71221523870037,294.75626357704795,307.5137948024359,4.830049631364631e-11,4.214099285335472e-08,4.302532349358458e-08,6784582847.905318,7075941885.354381,2374969699975.7495,0.999998670130838,0.9999987166642658,0.9999999222447276,226704474.36540526,320982248.553107,1426505491.3360474,114.71221523870037,294.75626357704795,307.5137948024359
freeze_parent_h1_n80,unsprayed_h1_n80,1,0.0001535,0.000193,2.275204323232174,False,3358,negligible_molecular_return,2.275204323232174,1.0,0,0.0,0,0.0,0,0.0,2.275204323232174,1.0,1.8268345412798226,0.8029320807041218,1.8268345412798226,0.8029320807041218,0,0.0,0,0.0,0,0.0,1.8268345412798226,0.8029320807041218,0,0.0,0,0.0,0,0.0,0.44836978195235133,0.19706791929587825,0,0.0,0,0.0,22768.26114360638,23806.761403718614,54658.92734445911,850572.47296906,1035304.637828978,32187656.232850395,0.014497584963951005,0.01672482527074792,0.1900539321656626,1.23796246930848,4.783738578280698,5.608772492307544,197.3325147054796,238.60891520530868,267.91957115648194,1.7399188417113236e-10,2.6983899903021165e-10,3.7042657744987946e-10,723273078840.3884,884264009512.5522,1134147811810.5225,0.999999872273765,0.9999998828850024,0.9999998942270197,534849409.7161301,748524795.7552689,1731812818.0369527,197.3325147054796,238.60891520530868,267.91957115648194
freeze_parent_h1_n80,unsprayed_h1_n80,1,0.000193,0.00025,2.6100068632513285,False,1927,negligible_molecular_return,2.6100068632513285,1.0,0,0.0,0,0.0,0,0.0,2.6100068632513285,1.0,2.3168198275379837,0.8876680977964492,2.3168198275379837,0.8876680977964492,0,0.0,0,0.0,0,0.0,2.3168198275379837,0.8876680977964492,0,0.0,0,0.0,0,0.0,0.2931870357133448,0.11233190220355088,0,0.0,0,0.0,20774.22191488189,21618.7266845955,28163.015276782346,515055.50401924714,633171.989084497,1287846.9927949654,0.009893560741511206,0.011561582059302565,0.01685709314832404,6.417881051439697,7.8628779202398515,9.12926844766718,176.4760322594929,305.90955822302493,332.7900477248944,2.266753602507819e-11,4.899348726604341e-10,6.186338660808706e-10,537943468619.2731,624388210134.7089,7785408703630.115,0.999999857189489,0.9999998656910489,0.9999999589741138,642598592.5020777,854184366.2853087,2270557179.7236695,176.4760322594929,305.90955822302493,332.7900477248944
freeze_parent_h1_n80,unsprayed_h1_n80,1,0.0001,0.00025,11.97714764624834,False,7587,negligible_molecular_return,11.97714764624834,1.0,0.0001233164221048355,1.0295975782135617e-05,0,0.0,0,0.0,11.97714764624834,1.0,10.976604328025132,0.9164623040664767,10.976604328025132,0.9164623040664767,0,0.0,0,0.0,0,0.0,10.976604328025132,0.9164623040664767,0,0.0,0,0.0,0,0.0,1.0005433182232082,0.0835376959335233,0,0.0,0,0.0,20678.57939379365,21709.75017641892,30180.20317858057,616632.7076243581,1788774.0026464434,2727566.9796669674,0.011332415962650106,0.02744687886971947,0.04885459490095986,1.2392895506439294,2.189457038848344,7.975039207394648,134.96046533813976,291.3941756202347,320.57226399514934,3.9647188997786315e-11,5.841440723961497e-10,4.302532349358458e-08,6914743955.707196,558487111663.1036,2664694427141.651,0.999998689567997,0.9999998594287189,0.9999999257905968,226704474.36540526,652949537.4811962,1549765822.809447,134.96046533813976,291.3941756202347,320.57226399514934
freeze_parent_h1_n80,combined_h1_n80,2,0.0001,0.0001535,229467221.44299653,False,13786,conditional_rate_screen,229467221.44299653,1.0,228875476.35423693,0.9974212217107157,190059987.61864254,0.8282663921385243,189914769.08181632,0.8276335412419429,55.379832247272134,2.4134092834269756e-07,228156890.38707146,0.9942896809065578,228156890.38707146,0.9942896809065578,0,0.0,228156835.42600322,0.9942894413905699,228156835.42600322,0.9942894413905699,228156890.38707146,0.9942896809065578,0,0.0,228156835.42600322,0.9942894413905699,0,0.0,0.12136215111240745,5.288866547005094e-10,0,0.0,1310330.9345629076,0.005710318564555485,5129.1611123762505,8990.455632302384,9418.722642377137,179188401.165025,2491086601.141446,3346880677.9805236,58.49595778349813,276.98211354192523,330.65011480608155,0.0015474007865044416,0.00746336671721406,0.046908511293756415,232300.51637206072,3110043.7552033025,9108540.297544667,82685.69228596777,582206.0712333918,1681893.627950235,2.8145386723381742,5.292930326517649,5.565301996550462,1.2831943596939877,1.3082381329228268,2.276326349012918,1239544.9804030685,17734219.331547584,38657263.02158761,232300.51637206072,3110043.7552033025,9108540.297544667
freeze_parent_h1_n80,combined_h1_n80,2,0.0001535,0.000193,1401527136.1603696,False,27664,conditional_rate_screen,1401527136.1603696,1.0,1240346954.0332992,0.8849967453583236,250377448.15965608,0.17864616510072814,159867957.79148185,0.11406697285181139,143.2543689548038,1.0221305407418949e-07,1394116418.785352,0.9947123982234692,1394116418.785352,0.9947123982234692,0,0.0,1394116390.208352,0.994712377833568,1394116380.0156705,0.9947123705610141,1394116418.785352,0.9947123982234692,0,0.0,1394116390.208352,0.994712377833568,0,0.0,0.12539661023765802,8.947141086486214e-11,0,0.0,7410717.2496210355,0.005287601687059354,5646.190052596027,6704.350987724462,8161.163189762445,94904309.11196725,348193773.78200257,1339127502.5408664,23.334534354666086,67.81520747982246,183.73889683525266,0.005122531534922541,0.02194147848459589,0.08643436237961138,49857.374362726485,143642.3117421988,722647.5862444651,12485.200802666877,33992.90608325404,152085.86082932528,3.8508415471800563,4.239873993277701,4.911254125685964,1.346159312822145,1.4765413936081797,1.6325732493149394,327440.1398914643,960455.7908797947,6000702.146577622,49857.374362726485,143642.3117421988,722647.5862444651
freeze_parent_h1_n80,combined_h1_n80,2,0.000193,0.00025,369144412.5532187,False,40429,conditional_rate_screen,369144412.5532187,1.0,0,0.0,0,0.0,0,0.0,40.921838723588735,1.1085590715175494e-07,368781665.00838286,0.9990173289029979,368781665.00838286,0.9990173289029979,0,0.0,368781624.4471948,0.9990172190240815,368781624.44005454,0.9990172190047387,368781665.00838286,0.9990173289029979,0,0.0,368781624.4471948,0.9990172190240815,0,0.0,0.16787238186225295,4.547607281961803e-10,0,0.0,362747.3769634636,0.0009826706422413128,4859.375400916925,5106.95918824583,5363.505250847189,25930126.59245783,39614501.64396524,59919307.46908078,7.844054296520889,11.272942983069056,16.050291967999186,0.03592798101213415,0.19615897194290002,0.4326568648252561,20906.050983301557,32781.306487634836,52484.636332477625,5648.816940027496,8806.428497771496,13847.001417040314,3.6304310208862716,3.709359243983244,3.8260082169306595,1.662634216566124,1.7379160832549505,1.8136520029712047,132968.82958287388,225964.42078416565,338160.69392697344,20906.050983301557,32781.306487634836,52484.636332477625
freeze_parent_h1_n80,combined_h1_n80,2,0.0001,0.00025,2000138770.1565847,False,81879,conditional_rate_screen,2000138770.1565847,1.0,1469222430.387536,0.7345602476734727,440437435.7782986,0.22020343905629014,349782726.87329817,0.17487922942762354,239.55603992566466,1.1976970973214552e-07,1991054974.1808062,0.9954584171301937,1991054974.1808062,0.9954584171301937,0,0.0,1991054850.0815501,0.9954583550848707,1991054839.8817282,0.9954583499853136,1991054974.1808062,0.9954584171301937,0,0.0,1991054850.0815501,0.9954583550848707,0,0.0,0.4146311432123184,2.0730118799699993e-10,0,0.0,9083795.561147407,0.004541582662505094,5098.3852826995235,6491.794363548735,8643.166639599554,41401868.17851881,272562244.31711024,1956696003.5877917,11.641044309371129,57.34887782230868,239.02488087369966,0.004603049154587336,0.024228463487245555,0.1973927894753974,31197.67996354295,123612.99671227598,2286405.533793308,8107.65505416822,29808.50668996446,445712.01421988313,3.6932721035386384,4.154485575410702,5.163389862991074,1.3184831536820294,1.502564895897686,1.7503538286749247,203120.1777458982,842292.9915338597,13248442.423961869,31197.67996354295,123612.99671227598,2286405.533793308
freeze_parent_h1_n80,unsprayed_h1_n80,2,0.0001,0.0001535,7.0018094521947205,False,1152,negligible_molecular_return,7.0018094521947205,1.0,0.0001222081482410431,1.7453795204714818e-05,0,0.0,0,0.0,7.0018094521947205,1.0,6.774200324434787,0.9674928132057936,6.774200324434787,0.9674928132057936,0,0.0,0,0.0,0,0.0,6.774200324434787,0.9674928132057936,0,0.0,0,0.0,0,0.0,0.22760912775993347,0.03250718679420636,0,0.0,0,0.0,20672.241554950127,21183.437698474954,29249.006962694817,1418261.6175397572,1923487.7628315135,2727566.9796669674,0.023208131148078643,0.04162068223251629,0.04719242616866679,1.2392895506439294,1.3439658642187624,3.1370748029196815,114.71221523870037,294.75626357704795,307.5137948024359,4.830049631364631e-11,4.232604082862969e-08,4.329310179842334e-08,6855252530.325232,7103066817.301481,2374969699975.7495,0.9999986805160945,0.9999987218587453,0.9999999222447276,213915391.72944188,288861853.80830777,1435824611.0400643,114.71221523870037,294.75626357704795,307.5137948024359
freeze_parent_h1_n80,unsprayed_h1_n80,2,0.0001535,0.000193,2.267758911475539,False,1682,negligible_molecular_return,2.267758911475539,1.0,0,0.0,0,0.0,0,0.0,2.267758911475539,1.0,1.855351182166487,0.8181430454436115,1.855351182166487,0.8181430454436115,0,0.0,0,0.0,0,0.0,1.855351182166487,0.8181430454436115,0,0.0,0,0.0,0,0.0,0.41240772930905223,0.1818569545563885,0,0.0,0,0.0,22746.852300430255,23771.553195562974,54570.26825684974,845892.7655120767,1028272.2611777461,31237798.98632042,0.014436129994392942,0.016641430441356773,0.18658195636323976,1.2567747817499262,4.8139866504006035,5.639641996061391,197.3325147054796,238.60891520530868,268.5179140084139,1.7399188417113236e-10,2.6983899903021165e-10,3.7169847434479406e-10,722407899256.8906,884264009512.5522,1134147811810.5225,0.9999998722468229,0.9999998828850024,0.9999998942270197,537160686.4977201,775507958.5433996,1775848282.7201793,197.3325147054796,238.60891520530868,268.5179140084139
freeze_parent_h1_n80,unsprayed_h1_n80,2,0.000193,0.00025,2.607987388037145,False,956,negligible_molecular_return,2.607987388037145,1.0,0,0.0,0,0.0,0,0.0,2.607987388037145,1.0,2.4551279470324516,0.9413879677080262,2.4551279470324516,0.9413879677080262,0,0.0,0,0.0,0,0.0,2.4551279470324516,0.9413879677080262,0,0.0,0,0.0,0,0.0,0.1528594410046935,0.05861203229197378,0,0.0,0,0.0,20758.226839919167,21618.7266845955,28108.23129214758,513079.83449493046,633171.989084497,1281019.7644383046,0.009865096087564747,0.011561582059302565,0.01682272192959957,6.449257740572971,7.878626988247459,9.141657934151842,154.20823955154916,303.4252468882745,332.7900477248944,1.4597868840742604e-11,4.793911091661002e-10,6.186338660808706e-10,537943468619.2731,632938828206.6434,10200519897571.18,0.999999857189489,0.9999998664248987,0.999999963481254,639502585.7930193,886944232.6659949,2681975413.8923025,154.20823955154916,303.4252468882745,332.7900477248944
freeze_parent_h1_n80,unsprayed_h1_n80,2,0.0001,0.00025,11.877555751707405,False,3790,negligible_molecular_return,11.877555751707405,1.0,0.0001222081482410431,1.0288998072981101e-05,0,0.0,0,0.0,11.877555751707405,1.0,11.084679453633726,0.9332458365468247,11.084679453633726,0.9332458365468247,0,0.0,0,0.0,0,0.0,11.084679453633726,0.9332458365468247,0,0.0,0,0.0,0,0.0,0.7928762980736792,0.06675416345317536,0,0.0,0,0.0,20672.241554950127,21728.038703197188,30038.60919506306,616632.7076243581,1788774.0026464434,2632254.7121380577,0.011332415962650106,0.027715775933180177,0.04719242616866679,1.2392895506439294,2.172234204369874,8.00720550604136,128.57855677300174,288.0088402874385,318.1236449847852,3.2536936738720516e-11,5.621141669917408e-10,4.329310179842334e-08,6963946020.1454115,572503522290.8063,3230133789333.737,0.9999986974329877,0.9999998608700951,0.9999999311856834,213915391.72944188,658804524.071189,1838479712.8507125,128.57855677300174,288.0088402874385,318.1236449847852
