run,variant,parent_forcing,history_stride,relative_tolerance,maximum_step_s,end_time_s,kinetics_validated,total_mass_kg,initial_bond_store_j,mass_mean_initial_ionized_nuclei_fraction,resolved_mass_fraction,resolved_initial_store_fraction,resolved_net_return_j,resolved_return_over_total_start_store,including_unresolved_return_lower_j,including_unresolved_return_upper_j,parent_equilibrium_net_return_j,resolved_work_j,resolved_parent_forcing_j,max_energy_error_j_kg,max_energy_relative_error,accepted_steps,rejected_steps
parcel_n40,baseline,True,2,0.0001,2.5e-07,0.000193,False,237.5,5635540625.380545,0.10069599456142182,1.0,1.0,1319059853.9592779,0.23406092540947787,1319059853.9592779,1319059853.9592779,1350336898.2867608,-4163337058.1804595,164971078.6171074,0.6496885744854808,1.0377254591478352e-09,311447,343
parcel_n40,baseline,True,2,0.0001,2.5e-07,0.00025,False,237.5,5635540625.380545,0.10069599456142182,1.0,1.0,1684969438.0790088,0.2989898485498416,1684969438.0790088,1684969438.0790088,1716134030.7036572,-6187738895.980742,179916062.9972953,0.6496885744854808,1.0377254591478352e-09,311447,343
parcel_n40,baseline,False,2,0.0001,2.5e-07,0.000193,False,237.5,5635540625.380545,0.10069599456142182,1.0,1.0,1344084077.3129833,0.23850135535527664,1344084077.3129833,1344084077.3129833,1350336898.2867608,-4127584736.298979,0.0,0.6002793610095978,9.58805803248084e-10,311581,340
parcel_n40,baseline,False,2,0.0001,2.5e-07,0.00025,False,237.5,5635540625.380545,0.10069599456142182,1.0,1.0,1708337888.454638,0.30313646942067446,1708337888.454638,1708337888.454638,1716134030.7036572,-6109801599.456715,0.0,0.6002793610095978,9.58805803248084e-10,311581,340
parcel_n40,li_h2,True,2,0.0001,2.5e-07,0.000193,False,237.5,5635540625.380545,0.10069599456142182,1.0,1.0,1319061137.5454347,0.23406115317576368,1319061137.5454347,1319061137.5454347,1350336898.2867608,-4163338220.2233076,164971078.61710936,0.6497019855305552,1.0377468801539205e-09,311531,345
parcel_n40,li_h2,True,2,0.0001,2.5e-07,0.00025,False,237.5,5635540625.380545,0.10069599456142182,1.0,1.0,1684970203.942114,0.29898998444862335,1684970203.942114,1684970203.942114,1716134030.7036572,-6187740140.050615,179916062.99729726,0.6497019855305552,1.0377468801539205e-09,311531,345
parcel_n40,li_h2,False,2,0.0001,2.5e-07,0.000193,False,237.5,5635540625.380545,0.10069599456142182,1.0,1.0,1344087881.2241902,0.238502030341309,1344087881.2241902,1344087881.2241902,1350336898.2867608,-4127586273.76084,0.0,0.6002919524908066,9.588259151926861e-10,311574,343
parcel_n40,li_h2,False,2,0.0001,2.5e-07,0.00025,False,237.5,5635540625.380545,0.10069599456142182,1.0,1.0,1708340950.5431159,0.303137012773776,1708340950.5431159,1708340950.5431159,1716134030.7036572,-6109803905.87181,0.0,0.6002919524908066,9.588259151926861e-10,311574,343
parcel_n40,without_direct_and_steam_h2,True,2,0.0001,2.5e-07,0.000193,False,237.5,5635540625.380545,0.10069599456142182,1.0,1.0,1319053448.816537,0.23405978884722647,1319053448.816537,1319053448.816537,1350336898.2867608,-4163339499.307732,164971078.61710775,0.6496874121949077,1.0377236026606412e-09,311500,339
parcel_n40,without_direct_and_steam_h2,True,2,0.0001,2.5e-07,0.00025,False,237.5,5635540625.380545,0.10069599456142182,1.0,1.0,1684947930.6747289,0.2989860321627885,1684947930.6747289,1684947930.6747289,1716134030.7036572,-6187738748.9453,179916062.99729565,0.6496874121949077,1.0377236026606412e-09,311500,339
parcel_n40,without_direct_and_steam_h2,False,2,0.0001,2.5e-07,0.000193,False,237.5,5635540625.380545,0.10069599456142182,1.0,1.0,1344069572.132246,0.23849878147963605,1344069572.132246,1344069572.132246,1350336898.2867608,-4127577291.5129504,0.0,0.6002796739339828,9.588063030715592e-10,311592,341
parcel_n40,without_direct_and_steam_h2,False,2,0.0001,2.5e-07,0.00025,False,237.5,5635540625.380545,0.10069599456142182,1.0,1.0,1708308870.4549441,0.3031313203140274,1708308870.4549441,1708308870.4549441,1716134030.7036572,-6109792710.015345,0.0,0.6002796739339828,9.588063030715592e-10,311592,341
parcel_n40,association_1e3_slower,True,2,0.0001,2.5e-07,0.000193,False,237.5,5635540625.380545,0.10069599456142182,1.0,1.0,1316810358.132014,0.23366176302616845,1316810358.132014,1316810358.132014,1350336898.2867608,-4162679573.1535115,164971078.61711016,0.6523600993677974,4.3388034552117145e-09,310855,528
parcel_n40,association_1e3_slower,True,2,0.0001,2.5e-07,0.00025,False,237.5,5635540625.380545,0.10069599456142182,1.0,1.0,1680768680.5991156,0.29824444402538935,1680768680.5991156,1680768680.5991156,1716134030.7036572,-6186735740.753663,179916062.99729803,0.6523600993677974,4.3388034552117145e-09,310855,528
parcel_n40,association_1e3_slower,False,2,0.0001,2.5e-07,0.000193,False,237.5,5635540625.380545,0.10069599456142182,1.0,1.0,1341794794.1725593,0.2380951329016377,1341794794.1725593,1341794794.1725593,1350336898.2867608,-4126858329.2220926,0.0,0.6491647139191628,4.339262270626128e-09,310777,490
parcel_n40,association_1e3_slower,False,2,0.0001,2.5e-07,0.00025,False,237.5,5635540625.380545,0.10069599456142182,1.0,1.0,1704100217.35615,0.30238451474938643,1704100217.35615,1704100217.35615,1716134030.7036572,-6108745783.155804,0.0,0.6491647139191628,4.339262270626128e-09,310777,490
parcel_n40,association_1e6_slower,True,2,0.0001,2.5e-07,0.000193,False,237.5,5635540625.380545,0.10069599456142182,1.0,1.0,553866133.4368776,0.09828092285280568,553866133.4368776,553866133.4368776,1350336898.2867608,-3995149755.511491,164971078.6171103,0.6525036869570613,3.967540810768035e-09,312093,482
parcel_n40,association_1e6_slower,True,2,0.0001,2.5e-07,0.00025,False,237.5,5635540625.380545,0.10069599456142182,1.0,1.0,670157204.3607159,0.11891622275643926,670157204.3607159,670157204.3607159,1716134030.7036572,-5908048564.27341,179916062.9972982,0.6525036869570613,3.967540810768035e-09,312093,482
parcel_n40,association_1e6_slower,False,2,0.0001,2.5e-07,0.000193,False,237.5,5635540625.380545,0.10069599456142182,1.0,1.0,562915614.2143129,0.09988671036796963,562915614.2143129,562915614.2143129,1350336898.2867608,-3953419295.993195,0.0,0.603003740310669,3.967947507870046e-09,312221,480
parcel_n40,association_1e6_slower,False,2,0.0001,2.5e-07,0.00025,False,237.5,5635540625.380545,0.10069599456142182,1.0,1.0,679947317.756156,0.1206534320228136,679947317.756156,679947317.756156,1716134030.7036572,-5822911515.871563,0.0,0.603003740310669,3.967947507870046e-09,312221,480
parcel_n40,frozen,True,2,0.0001,2.5e-07,0.000193,False,237.5,5635540625.380545,0.10069599456142182,1.0,1.0,-1.9157981036245928e-10,-3.39949302289916e-20,-1.9157981036245928e-10,-1.9157981036245928e-10,1350336898.2867608,-3852833031.402113,164971078.61710685,1.1016986519098282,6.004035870875227e-09,312409,356
parcel_n40,frozen,True,2,0.0001,2.5e-07,0.00025,False,237.5,5635540625.380545,0.10069599456142182,1.0,1.0,-1.9157981036245928e-10,-3.39949302289916e-20,-1.9157981036245928e-10,-1.9157981036245928e-10,1716134030.7036572,-5669393038.955949,179916062.9972947,1.1016986519098282,6.004035870875227e-09,312409,356
parcel_n40,frozen,False,2,0.0001,2.5e-07,0.000193,False,237.5,5635540625.380545,0.10069599456142182,1.0,1.0,1.1046043119997649e-10,1.9600680492391545e-20,1.1046043119997649e-10,1.1046043119997649e-10,1350336898.2867608,-3808490758.354399,0.0,0.9692749977111816,5.282353613587572e-09,312496,356
parcel_n40,frozen,False,2,0.0001,2.5e-07,0.00025,False,237.5,5635540625.380545,0.10069599456142182,1.0,1.0,-2.982431642399366e-09,-5.292183732945718e-19,-2.982431642399366e-09,-2.982431642399366e-09,1716134030.7036572,-5580070427.504718,0.0,0.9692749977111816,5.282353613587572e-09,312496,356
parcel_n80,baseline,True,2,0.0001,2.5e-07,0.000193,False,237.5,5627720266.514632,0.10120632839606251,1.0,0.9999999999999988,1324671063.1885655,0.23538324587141618,1324671063.1885655,1324671063.1885655,1369796105.5254436,-4225392150.8364415,198058097.71312353,0.8538626516237855,1.3737558792930497e-09,625694,752
parcel_n80,baseline,True,2,0.0001,2.5e-07,0.00025,False,237.5,5627720266.514632,0.10120632839606251,1.0,0.9999999999999988,1691267585.0233495,0.3005244583826459,1691267585.0233495,1691267585.0233495,1735268865.028622,-6231130130.530907,216520266.9596359,0.8538626516237855,1.3737558792930497e-09,625694,752
parcel_n80,baseline,False,2,0.0001,2.5e-07,0.000193,False,237.5,5627720266.514632,0.10120632839606251,1.0,0.9999999999999988,1369653011.189101,0.2433761712248993,1369653011.189101,1369653011.189101,1369796105.5254436,-4185354711.4897733,0.0,0.7713792324066162,1.3088355821090045e-09,625454,735
parcel_n80,baseline,False,2,0.0001,2.5e-07,0.00025,False,237.5,5627720266.514632,0.10120632839606251,1.0,0.9999999999999988,1732825799.9789324,0.3079090142929418,1732825799.9789324,1732825799.9789324,1735268865.028622,-6144116807.003408,0.0,0.7713792324066162,1.3088355821090045e-09,625454,735
parcel_n80,li_h2,True,2,0.0001,2.5e-07,0.000193,False,237.5,5627720266.514632,0.10120632839606251,1.0,0.9999999999999988,1324672064.8890707,0.23538342386542757,1324672064.8890707,1324672064.8890707,1369796105.5254436,-4225415466.856638,198058097.71312606,0.8539157081395388,1.3738412404460553e-09,625798,754
parcel_n80,li_h2,True,2,0.0001,2.5e-07,0.00025,False,237.5,5627720266.514632,0.10120632839606251,1.0,0.9999999999999988,1691268140.9847639,0.30052455717245563,1691268140.9847639,1691268140.9847639,1735268865.028622,-6231145006.120602,216520266.95963833,0.8539157081395388,1.3738412404460553e-09,625798,754
parcel_n80,li_h2,False,2,0.0001,2.5e-07,0.000193,False,237.5,5627720266.514632,0.10120632839606251,1.0,0.9999999999999988,1369650842.892565,0.24337578593628625,1369650842.892565,1369650842.892565,1369796105.5254436,-4185356955.032387,0.0,0.769694060087204,1.307951142880967e-09,625354,733
parcel_n80,li_h2,False,2,0.0001,2.5e-07,0.00025,False,237.5,5627720266.514632,0.10120632839606251,1.0,0.9999999999999988,1732823500.31492,0.3079086056613995,1732823500.31492,1732823500.31492,1735268865.028622,-6144117531.39112,0.0,0.769694060087204,1.307951142880967e-09,625354,733
parcel_n80,without_direct_and_steam_h2,True,2,0.0001,2.5e-07,0.000193,False,237.5,5627720266.514632,0.10120632839606251,1.0,0.9999999999999988,1324665096.8401725,0.23538218569995947,1324665096.8401725,1324665096.8401725,1369796105.5254436,-4225395151.9880652,198058097.71312475,0.8538630614057183,1.373756538579808e-09,626004,754
parcel_n80,without_direct_and_steam_h2,True,2,0.0001,2.5e-07,0.00025,False,237.5,5627720266.514632,0.10120632839606251,1.0,0.9999999999999988,1691246427.0490181,0.30052069878314036,1691246427.0490181,1691246427.0490181,1735268865.028622,-6231130584.024444,216520266.9596372,0.8538630614057183,1.373756538579808e-09,626004,754
parcel_n80,without_direct_and_steam_h2,False,2,0.0001,2.5e-07,0.000193,False,237.5,5627720266.514632,0.10120632839606251,1.0,0.9999999999999988,1369640020.4984798,0.24337386288510876,1369640020.4984798,1369640020.4984798,1369796105.5254436,-4185349314.8502245,0.0,0.7713785171508789,1.3088350665813593e-09,625212,736
parcel_n80,without_direct_and_steam_h2,False,2,0.0001,2.5e-07,0.00025,False,237.5,5627720266.514632,0.10120632839606251,1.0,0.9999999999999988,1732797917.6155076,0.30790405982432856,1732797917.6155076,1732797917.6155076,1735268865.028622,-6144109742.944949,0.0,0.7713785171508789,1.3088350665813593e-09,625212,736
parcel_n80,association_1e3_slower,True,2,0.0001,2.5e-07,0.000193,False,237.5,5627720266.514632,0.10120632839606251,1.0,0.9999999999999988,1322375913.6728728,0.2349754165183211,1322375913.6728728,1322375913.6728728,1369796105.5254436,-4224676725.3698754,198058097.71312377,0.8580105658620596,3.6635972329920756e-09,623494,1149
parcel_n80,association_1e3_slower,True,2,0.0001,2.5e-07,0.00025,False,237.5,5627720266.514632,0.10120632839606251,1.0,0.9999999999999988,1687018362.805703,0.2997694062449393,1687018362.805703,1687018362.805703,1735268865.028622,-6230091255.120634,216520266.95963615,0.8580105658620596,3.6635972329920756e-09,623494,1149
parcel_n80,association_1e3_slower,False,2,0.0001,2.5e-07,0.000193,False,237.5,5627720266.514632,0.10120632839606251,1.0,0.9999999999999988,1367348518.599548,0.24296668168376753,1367348518.599548,1367348518.599548,1369796105.5254436,-4184626604.420003,0.0,0.7753933668136597,3.6639677533130422e-09,623161,1146
parcel_n80,association_1e3_slower,False,2,0.0001,2.5e-07,0.00025,False,237.5,5627720266.514632,0.10120632839606251,1.0,0.9999999999999988,1728567280.0631413,0.30715231003009325,1728567280.0631413,1728567280.0631413,1735268865.028622,-6143069975.657621,0.0,0.7753933668136597,3.6639677533130422e-09,623161,1146
parcel_n80,association_1e6_slower,True,2,0.0001,2.5e-07,0.000193,False,237.5,5627720266.514632,0.10120632839606251,1.0,0.9999999999999988,558401726.3073672,0.0992234332665574,558401726.3073672,558401726.3073672,1369796105.5254436,-4056015665.265644,198058097.71312556,0.8581949854269624,3.6126456978804512e-09,625759,1066
parcel_n80,association_1e6_slower,True,2,0.0001,2.5e-07,0.00025,False,237.5,5627720266.514632,0.10120632839606251,1.0,0.9999999999999988,674581916.2891312,0.11986770563258899,674581916.2891312,674581916.2891312,1735268865.028622,-5950746365.108176,216520266.95963794,0.8581949854269624,3.6126456978804512e-09,625759,1066
parcel_n80,association_1e6_slower,False,2,0.0001,2.5e-07,0.000193,False,237.5,5627720266.514632,0.10120632839606251,1.0,0.9999999999999988,575366679.0273725,0.1022379670238495,575366679.0273725,575366679.0273725,1369796105.5254436,-4005853214.300279,0.0,0.775569811463356,3.6130175805335687e-09,625642,1070
parcel_n80,association_1e6_slower,False,2,0.0001,2.5e-07,0.00025,False,237.5,5627720266.514632,0.10120632839606251,1.0,0.9999999999999988,692961866.8605411,0.12313367296944687,692961866.8605411,692961866.8605411,1735268865.028622,-5851716518.051824,0.0,0.775569811463356,3.6130175805335687e-09,625642,1070
parcel_n80,frozen,True,2,0.0001,2.5e-07,0.000193,False,237.5,5627720266.514632,0.10120632839606251,1.0,0.9999999999999988,3.797077322499193e-10,6.747096768636663e-20,3.797077322499193e-10,3.797077322499193e-10,1369796105.5254436,-3909900869.708309,198058097.71312395,0.8581975363194942,3.890185698422751e-09,626642,798
parcel_n80,frozen,True,2,0.0001,2.5e-07,0.00025,False,237.5,5627720266.514632,0.10120632839606251,1.0,0.9999999999999988,1.8640197764996042e-10,3.3122111409670893e-20,1.8640197764996042e-10,1.8640197764996042e-10,1735268865.028622,-5707624165.21136,216520266.95963642,0.8581975363194942,3.890185698422751e-09,626642,798
parcel_n80,frozen,False,2,0.0001,2.5e-07,0.000193,False,237.5,5627720266.514632,0.10120632839606251,1.0,0.9999999999999988,-5.246870481998885e-10,-9.323260989388842e-20,-5.246870481998885e-10,-5.246870481998885e-10,1369796105.5254436,-3855532387.444205,0.0,1.004270814359188,5.514251601005705e-09,626319,792
parcel_n80,frozen,False,2,0.0001,2.5e-07,0.00025,False,237.5,5627720266.514632,0.10120632839606251,1.0,0.9999999999999988,-9.665287729997946e-10,-1.7174428138347866e-19,-9.665287729997946e-10,-9.665287729997946e-10,1735268865.028622,-5601564476.925626,0.0,1.004270814359188,5.514251601005705e-09,626319,792
parcel_n80_refined,baseline,True,2,1e-05,1.25e-07,0.000193,False,237.5,5627720266.514632,0.10120632839606251,1.0,0.9999999999999988,1332261525.4680996,0.23673200912190998,1332261525.4680996,1332261525.4680996,1369796105.5254436,-4239782995.498558,198058097.71312392,3.9480237141251564,4.028493071637364e-09,1609714,1551
parcel_n80_refined,baseline,True,2,1e-05,1.25e-07,0.00025,False,237.5,5627720266.514632,0.10120632839606251,1.0,0.9999999999999988,1698533702.0132768,0.3018155881200569,1698533702.0132768,1698533702.0132768,1735268865.028622,-6244224655.837776,216520266.95963722,3.9480237141251564,4.028493071637364e-09,1609714,1551
parcel_n80_refined,baseline,False,2,1e-05,1.25e-07,0.000193,False,237.5,5627720266.514632,0.10120632839606251,1.0,0.9999999999999988,1377239498.879535,0.24472422822332085,1377239498.879535,1377239498.879535,1369796105.5254436,-4199530205.1796227,0.0,3.4367180466651917,2.9679975368294687e-09,1609509,1540
parcel_n80_refined,baseline,False,2,1e-05,1.25e-07,0.00025,False,237.5,5627720266.514632,0.10120632839606251,1.0,0.9999999999999988,1740085946.096593,0.30919908305504057,1740085946.096593,1740085946.096593,1735268865.028622,-6157038625.404906,0.0,3.4367180466651917,2.9679975368294687e-09,1609509,1540
parcel_n80_refined,li_h2,True,2,1e-05,1.25e-07,0.000193,False,237.5,5627720266.514632,0.10120632839606251,1.0,0.9999999999999988,1332261069.1575432,0.23673192803924512,1332261069.1575432,1332261069.1575432,1369796105.5254436,-4239795308.075616,198058097.71312603,3.9480113312602043,4.0251824984387064e-09,1607618,1594
parcel_n80_refined,li_h2,True,2,1e-05,1.25e-07,0.00025,False,237.5,5627720266.514632,0.10120632839606251,1.0,0.9999999999999988,1698532908.3281472,0.3018154470886814,1698532908.3281472,1698532908.3281472,1735268865.028622,-6244232001.986299,216520266.95963925,3.9480113312602043,4.0251824984387064e-09,1607618,1594
parcel_n80_refined,li_h2,False,2,1e-05,1.25e-07,0.000193,False,237.5,5627720266.514632,0.10120632839606251,1.0,0.9999999999999988,1377238998.5540054,0.24472413931955417,1377238998.5540054,1377238998.5540054,1369796105.5254436,-4199541783.9704785,0.0,3.4367021322250366,2.967983792897456e-09,1608138,1560
parcel_n80_refined,li_h2,False,2,1e-05,1.25e-07,0.00025,False,237.5,5627720266.514632,0.10120632839606251,1.0,0.9999999999999988,1740085164.4565587,0.3091989441639804,1740085164.4565587,1740085164.4565587,1735268865.028622,-6157045560.1155615,0.0,3.4367021322250366,2.967983792897456e-09,1608138,1560
parcel_n80_refined,without_direct_and_steam_h2,True,2,1e-05,1.25e-07,0.000193,False,237.5,5627720266.514632,0.10120632839606251,1.0,0.9999999999999988,1332250754.1310697,0.23673009514315485,1332250754.1310697,1332250754.1310697,1369796105.5254436,-4239780071.5276475,198058097.7131265,3.9480248019099236,4.028506612734303e-09,1612109,1553
parcel_n80_refined,without_direct_and_steam_h2,True,2,1e-05,1.25e-07,0.00025,False,237.5,5627720266.514632,0.10120632839606251,1.0,0.9999999999999988,1698508055.4048166,0.3018110309268693,1698508055.4048166,1698508055.4048166,1735268865.028622,-6244219796.535807,216520266.95963967,3.9480248019099236,4.028506612734303e-09,1612109,1553
parcel_n80_refined,without_direct_and_steam_h2,False,2,1e-05,1.25e-07,0.000193,False,237.5,5627720266.514632,0.10120632839606251,1.0,0.9999999999999988,1377227677.6983027,0.24472212769581195,1377227677.6983027,1377227677.6983027,1369796105.5254436,-4199525887.395296,0.0,3.43671578168869,2.9679955807642386e-09,1610376,1540
parcel_n80_refined,without_direct_and_steam_h2,False,2,1e-05,1.25e-07,0.00025,False,237.5,5627720266.514632,0.10120632839606251,1.0,0.9999999999999988,1740059013.597812,0.30919429736962883,1740059013.597812,1740059013.597812,1735268865.028622,-6157032564.214811,0.0,3.43671578168869,2.9679955807642386e-09,1610376,1540
parcel_n80_refined,association_1e3_slower,True,2,1e-05,1.25e-07,0.000193,False,237.5,5627720266.514632,0.10120632839606251,1.0,0.9999999999999988,1329968237.989289,0.23632451063758486,1329968237.989289,1329968237.989289,1369796105.5254436,-4239049634.773522,198058097.71312633,3.9479840993881226,4.185758798760849e-09,1594864,4057
parcel_n80_refined,association_1e3_slower,True,2,1e-05,1.25e-07,0.00025,False,237.5,5627720266.514632,0.10120632839606251,1.0,0.9999999999999988,1694284404.2237597,0.30106052255384513,1694284404.2237597,1694284404.2237597,1735268865.028622,-6243175795.936014,216520266.9596396,3.9479840993881226,4.185758798760849e-09,1594864,4057
parcel_n80_refined,association_1e3_slower,False,2,1e-05,1.25e-07,0.000193,False,237.5,5627720266.514632,0.10120632839606251,1.0,0.9999999999999988,1374925691.223867,0.24431308347090036,1374925691.223867,1374925691.223867,1369796105.5254436,-4198777078.7095428,0.0,3.4366707801818848,2.967956716836637e-09,1593471,4183
parcel_n80_refined,association_1e3_slower,False,2,1e-05,1.25e-07,0.00025,False,237.5,5627720266.514632,0.10120632839606251,1.0,0.9999999999999988,1735817464.1134536,0.3084406086140601,1735817464.1134536,1735817464.1134536,1735268865.028622,-6155973833.044125,0.0,3.4366707801818848,2.967956716836637e-09,1593471,4183
parcel_n80_refined,association_1e6_slower,True,2,1e-05,1.25e-07,0.000193,False,237.5,5627720266.514632,0.10120632839606251,1.0,0.9999999999999988,562424389.8486564,0.09993822777495262,562424389.8486564,562424389.8486564,1369796105.5254436,-4069101259.178185,198058097.7131267,3.9479693844914436,3.908754445804639e-09,1612423,1528
parcel_n80_refined,association_1e6_slower,True,2,1e-05,1.25e-07,0.00025,False,237.5,5627720266.514632,0.10120632839606251,1.0,0.9999999999999988,678835388.2611535,0.12062351291699343,678835388.2611535,678835388.2611535,1735268865.028622,-5962290547.393928,216520266.9596399,3.9479693844914436,3.908754445804639e-09,1612423,1528
parcel_n80_refined,association_1e6_slower,False,2,1e-05,1.25e-07,0.000193,False,237.5,5627720266.514632,0.10120632839606251,1.0,0.9999999999999988,579373621.0003653,0.1029499679377603,579373621.0003653,579373621.0003653,1369796105.5254436,-4018656271.062011,0.0,3.4366924464702606,2.9679754281448267e-09,1613022,1547
parcel_n80_refined,association_1e6_slower,False,2,1e-05,1.25e-07,0.00025,False,237.5,5627720266.514632,0.10120632839606251,1.0,0.9999999999999988,697196749.7253125,0.12388617712107808,697196749.7253125,697196749.7253125,1735268865.028622,-5863032883.862165,0.0,3.4366924464702606,2.9679754281448267e-09,1613022,1547
parcel_n80_refined,frozen,True,2,1e-05,1.25e-07,0.000193,False,237.5,5627720266.514632,0.10120632839606251,1.0,0.9999999999999988,-2.6493244045619367e-10,-4.707633427207853e-20,-2.6493244045619367e-10,-2.6493244045619367e-10,1369796105.5254436,-3921678887.6516557,198058097.71312532,3.9480786249041557,9.94312806307391e-09,1597752,1415
parcel_n80_refined,frozen,True,2,1e-05,1.25e-07,0.00025,False,237.5,5627720266.514632,0.10120632839606251,1.0,0.9999999999999988,-1.5447200925621715e-10,-2.7448416399680964e-20,-1.5447200925621715e-10,-1.5447200925621715e-10,1735268865.028622,-5717170429.812988,216520266.95963857,3.9480786249041557,9.94312806307391e-09,1597752,1415
parcel_n80_refined,frozen,False,2,1e-05,1.25e-07,0.000193,False,237.5,5627720266.514632,0.10120632839606251,1.0,0.9999999999999988,4.573752229374028e-11,8.127184744039617e-21,4.573752229374028e-11,4.573752229374028e-11,1369796105.5254436,-3867007821.7320523,0.0,3.4367352724075317,4.944003495505824e-09,1595822,1420
parcel_n80_refined,frozen,False,2,1e-05,1.25e-07,0.00025,False,237.5,5627720266.514632,0.10120632839606251,1.0,0.9999999999999988,3.3569615419367863e-10,5.965046915908321e-20,3.3569615419367863e-10,3.3569615419367863e-10,1735268865.028622,-5610864218.200322,0.0,3.4367352724075317,4.944003495505824e-09,1595822,1420
parcel_n80_sampling,baseline,True,1,0.0001,2.5e-07,0.000193,False,237.5,5627720266.514632,0.10120632839606251,1.0,0.9999999999999988,1351423154.4210517,0.2401368743329556,1351423154.4210517,1351423154.4210517,1369796105.5254436,-4215319141.776656,156058292.04215825,3.5218831971287727,3.744115209779737e-09,1493133,893
parcel_n80_sampling,baseline,True,1,0.0001,2.5e-07,0.00025,False,237.5,5627720266.514632,0.10120632839606251,1.0,0.9999999999999988,1715933710.9537199,0.30490742782004593,1715933710.9537199,1715933710.9537199,1735268865.028622,-6218423014.256171,174475912.03120688,3.5218831971287727,3.744115209779737e-09,1493133,893
parcel_n80_sampling,baseline,False,1,0.0001,2.5e-07,0.000193,False,237.5,5627720266.514632,0.10120632839606251,1.0,0.9999999999999988,1370182035.2431521,0.24347017448536673,1370182035.2431521,1370182035.2431521,1369796105.5254436,-4186368545.085514,0.0,3.223783403635025,2.784104215516001e-09,1492848,900
parcel_n80_sampling,baseline,False,1,0.0001,2.5e-07,0.00025,False,237.5,5627720266.514632,0.10120632839606251,1.0,0.9999999999999988,1733406245.5269666,0.30801215473357246,1733406245.5269666,1733406245.5269666,1735268865.028622,-6145354655.241345,0.0,3.223783403635025,2.784104215516001e-09,1492848,900
parcel_n80_sampling,li_h2,True,1,0.0001,2.5e-07,0.000193,False,237.5,5627720266.514632,0.10120632839606251,1.0,0.9999999999999988,1351419573.222954,0.24013623798325662,1351419573.222954,1351419573.222954,1369796105.5254436,-4215321677.550331,156058292.04215705,3.521849013864994,3.746157924181327e-09,1493014,906
parcel_n80_sampling,li_h2,True,1,0.0001,2.5e-07,0.00025,False,237.5,5627720266.514632,0.10120632839606251,1.0,0.9999999999999988,1715929992.8703508,0.3049067671469504,1715929992.8703508,1715929992.8703508,1735268865.028622,-6218423406.792138,174475912.03120565,3.521849013864994,3.746157924181327e-09,1493014,906
parcel_n80_sampling,li_h2,False,1,0.0001,2.5e-07,0.000193,False,237.5,5627720266.514632,0.10120632839606251,1.0,0.9999999999999988,1370186811.9101462,0.24347102326014017,1370186811.9101462,1370186811.9101462,1369796105.5254436,-4186379172.826804,0.0,3.2237527668476105,2.7840777571599913e-09,1492893,894
parcel_n80_sampling,li_h2,False,1,0.0001,2.5e-07,0.00025,False,237.5,5627720266.514632,0.10120632839606251,1.0,0.9999999999999988,1733410230.5485818,0.30801286283941753,1733410230.5485818,1733410230.5485818,1735268865.028622,-6145362859.298597,0.0,3.2237527668476105,2.7840777571599913e-09,1492893,894
parcel_n80_sampling,without_direct_and_steam_h2,True,1,0.0001,2.5e-07,0.000193,False,237.5,5627720266.514632,0.10120632839606251,1.0,0.9999999999999988,1351411537.8193066,0.24013481015755334,1351411537.8193066,1351411537.8193066,1369796105.5254436,-4215315277.9769354,156058292.04215354,3.5218880847096443,3.746449535403643e-09,1493154,894
parcel_n80_sampling,without_direct_and_steam_h2,True,1,0.0001,2.5e-07,0.00025,False,237.5,5627720266.514632,0.10120632839606251,1.0,0.9999999999999988,1715907137.7312016,0.30490270597509633,1715907137.7312016,1715907137.7312016,1735268865.028622,-6218417253.555148,174475912.03120202,3.5218880847096443,3.746449535403643e-09,1493154,894
parcel_n80_sampling,without_direct_and_steam_h2,False,1,0.0001,2.5e-07,0.000193,False,237.5,5627720266.514632,0.10120632839606251,1.0,0.9999999999999988,1370172833.8710363,0.24346853947657454,1370172833.8710363,1370172833.8710363,1369796105.5254436,-4186367780.9889317,0.0,3.223777413368225,2.7840990422382207e-09,1492793,903
parcel_n80_sampling,without_direct_and_steam_h2,False,1,0.0001,2.5e-07,0.00025,False,237.5,5627720266.514632,0.10120632839606251,1.0,0.9999999999999988,1733381720.6103036,0.3080077968558704,1733381720.6103036,1733381720.6103036,1735268865.028622,-6145351571.552333,0.0,3.223777413368225,2.7840990422382207e-09,1492793,903
parcel_n80_sampling,association_1e3_slower,True,1,0.0001,2.5e-07,0.000193,False,237.5,5627720266.514632,0.10120632839606251,1.0,0.9999999999999988,1349054978.40769,0.23971606876672083,1349054978.40769,1349054978.40769,1369796105.5254436,-4214490396.7711344,156058292.04215652,3.5218050479888916,3.6687297826713466e-09,1492619,1342
parcel_n80_sampling,association_1e3_slower,True,1,0.0001,2.5e-07,0.00025,False,237.5,5627720266.514632,0.10120632839606251,1.0,0.9999999999999988,1711599299.0753927,0.3041372381743172,1711599299.0753927,1711599299.0753927,1735268865.028622,-6217286168.09172,174475912.0312051,3.5218050479888916,3.6687297826713466e-09,1492619,1342
parcel_n80_sampling,association_1e3_slower,False,1,0.0001,2.5e-07,0.000193,False,237.5,5627720266.514632,0.10120632839606251,1.0,0.9999999999999988,1367857867.6816692,0.243057188862163,1367857867.6816692,1367857867.6816692,1369796105.5254436,-4185608473.5979424,0.0,3.223699688911438,2.7840319183155817e-09,1492242,1346
parcel_n80_sampling,association_1e3_slower,False,1,0.0001,2.5e-07,0.00025,False,237.5,5627720266.514632,0.10120632839606251,1.0,0.9999999999999988,1729121721.506746,0.3072508297534178,1729121721.506746,1729121721.506746,1735268865.028622,-6144277333.067272,0.0,3.223699688911438,2.7840319183155817e-09,1492242,1346
parcel_n80_sampling,association_1e6_slower,True,1,0.0001,2.5e-07,0.000193,False,237.5,5627720266.514632,0.10120632839606251,1.0,0.9999999999999988,568358788.5176988,0.10099272202626651,568358788.5176988,568358788.5176988,1369796105.5254436,-4039193194.1517057,156058292.04215592,3.521787568926811,3.942841774048798e-09,1490340,1431
parcel_n80_sampling,association_1e6_slower,True,1,0.0001,2.5e-07,0.00025,False,237.5,5627720266.514632,0.10120632839606251,1.0,0.9999999999999988,685414406.4964359,0.12179255080866479,685414406.4964359,685414406.4964359,1735268865.028622,-5930391140.116244,174475912.0312045,3.521787568926811,3.942841774048798e-09,1490340,1431
parcel_n80_sampling,association_1e6_slower,False,1,0.0001,2.5e-07,0.000193,False,237.5,5627720266.514632,0.10120632839606251,1.0,0.9999999999999988,574838671.3824725,0.10214414437099988,574838671.3824725,574838671.3824725,1369796105.5254436,-4006335970.338782,0.0,3.2236980199813843,2.7840304770043596e-09,1490324,1429
parcel_n80_sampling,association_1e6_slower,False,1,0.0001,2.5e-07,0.00025,False,237.5,5627720266.514632,0.10120632839606251,1.0,0.9999999999999988,692542838.1717876,0.12305921498843336,692542838.1717876,692542838.1717876,1735268865.028622,-5852352771.294999,0.0,3.2236980199813843,2.7840304770043596e-09,1490324,1429
parcel_n80_sampling,frozen,True,1,0.0001,2.5e-07,0.000193,False,237.5,5627720266.514632,0.10120632839606251,1.0,0.9999999999999988,9.423655536747995e-10,1.6745067434889166e-19,9.423655536747995e-10,9.423655536747995e-10,1369796105.5254436,-3890593612.8845997,156058292.04215604,3.521804064512253,8.969194232656994e-09,1501175,943
parcel_n80_sampling,frozen,True,1,0.0001,2.5e-07,0.00025,False,237.5,5627720266.514632,0.10120632839606251,1.0,0.9999999999999988,1.094248646574767e-09,1.9443906142343829e-19,1.094248646574767e-09,1.094248646574767e-09,1735268865.028622,-5683020778.385917,174475912.0312045,3.521804064512253,8.969194232656994e-09,1501175,943
parcel_n80_sampling,frozen,False,1,0.0001,2.5e-07,0.000193,False,237.5,5627720266.514632,0.10120632839606251,1.0,0.9999999999999988,-2.7960296647494055e-10,-4.968316711450633e-20,-2.7960296647494055e-10,-2.7960296647494055e-10,1369796105.5254436,-3856381787.8037186,0.0,3.2236997485160828,4.371318193173936e-09,1501273,937
parcel_n80_sampling,frozen,False,1,0.0001,2.5e-07,0.00025,False,237.5,5627720266.514632,0.10120632839606251,1.0,0.9999999999999988,-1.1356713082747588e-09,-2.0179953062558748e-19,-1.1356713082747588e-09,-1.1356713082747588e-09,1735268865.028622,-5602537326.7113085,0.0,3.2236997485160828,4.371318193173936e-09,1501273,937
parcel_n80_fine,baseline,True,1,1e-06,6.25e-08,0.000193,False,237.5,5627720266.514632,0.10120632839606251,1.0,0.9999999999999988,1361413024.9651659,0.24191199286604168,1361413024.9651659,1361413024.9651659,1369796105.5254436,-4234263251.0010805,156058292.04216713,0.22962801826284363,1.3766322119023886e-09,1584341,3241
parcel_n80_fine,baseline,True,1,1e-06,6.25e-08,0.00025,False,237.5,5627720266.514632,0.10120632839606251,1.0,0.9999999999999988,1725437762.3317218,0.3065962202489361,1725437762.3317218,1725437762.3317218,1735268865.028622,-6235434642.399088,174475912.03121546,0.22962801826284363,1.3766322119023886e-09,1584341,3241
parcel_n80_fine,baseline,False,1,1e-06,6.25e-08,0.000193,False,237.5,5627720266.514632,0.10120632839606251,1.0,0.9999999999999988,1380172959.9188862,0.24524548032904572,1380172959.9188862,1380172959.9188862,1369796105.5254436,-4205008422.1326437,0.0,0.2306732013821602,1.382898140425714e-09,1582150,3011
parcel_n80_fine,baseline,False,1,1e-06,6.25e-08,0.00025,False,237.5,5627720266.514632,0.10120632839606251,1.0,0.9999999999999988,1742908772.0684233,0.3097006762114429,1742908772.0684233,1742908772.0684233,1735268865.028622,-6162133017.850065,0.0,0.2306732013821602,1.382898140425714e-09,1582150,3011
parcel_n80_fine,association_1e3_slower,True,1,1e-06,6.25e-08,0.000193,False,237.5,5627720266.514632,0.10120632839606251,1.0,0.9999999999999988,1359098319.817303,0.24150068863657675,1359098319.817303,1359098319.817303,1369796105.5254436,-4233460038.187523,156058292.0421558,0.7203994989395142,1.1384514591318547e-08,1634234,29021
parcel_n80_fine,association_1e3_slower,True,1,1e-06,6.25e-08,0.00025,False,237.5,5627720266.514632,0.10120632839606251,1.0,0.9999999999999988,1721152416.8004277,0.30583474929296267,1721152416.8004277,1721152416.8004277,1735268865.028622,-6234333572.333824,174475912.03120443,0.7203994989395142,1.1384514591318547e-08,1634234,29021
parcel_n80_fine,association_1e3_slower,False,1,1e-06,6.25e-08,0.000193,False,237.5,5627720266.514632,0.10120632839606251,1.0,0.9999999999999988,1377892792.0116782,0.24484031308561055,1377892792.0116782,1377892792.0116782,1369796105.5254436,-4204274158.206988,0.0,0.8206530064344406,4.506042682808406e-09,1629889,28960
parcel_n80_fine,association_1e3_slower,False,1,1e-06,6.25e-08,0.00025,False,237.5,5627720266.514632,0.10120632839606251,1.0,0.9999999999999988,1738664704.1337607,0.30894653994779187,1738664704.1337607,1738664704.1337607,1735268865.028622,-6161088569.663119,0.0,0.8206530064344406,4.506042682808406e-09,1629889,28960
parcel_n80_fine,association_1e6_slower,True,1,1e-06,6.25e-08,0.000193,False,237.5,5627720266.514632,0.10120632839606251,1.0,0.9999999999999988,573599712.502936,0.10192399148122168,573599712.502936,573599712.502936,1369796105.5254436,-4056407309.0905685,156058292.04215515,0.2461019977927208,1.3512971958715542e-09,1593866,2270
parcel_n80_fine,association_1e6_slower,True,1,1e-06,6.25e-08,0.00025,False,237.5,5627720266.514632,0.10120632839606251,1.0,0.9999999999999988,690946957.6318355,0.12277564003012426,690946957.6318355,690946957.6318355,1735268865.028622,-5945350962.081453,174475912.03120354,0.2461019977927208,1.3512971958715542e-09,1593866,2270
parcel_n80_fine,association_1e6_slower,False,1,1e-06,6.25e-08,0.000193,False,237.5,5627720266.514632,0.10120632839606251,1.0,0.9999999999999988,580069899.8803807,0.10307369101691874,580069899.8803807,580069899.8803807,1369796105.5254436,-4023199521.144605,0.0,0.5208406373858452,2.8598325048471543e-09,1592886,2270
parcel_n80_fine,association_1e6_slower,False,1,1e-06,6.25e-08,0.00025,False,237.5,5627720266.514632,0.10120632839606251,1.0,0.9999999999999988,698062454.2717241,0.12404000575957005,698062454.2717241,698062454.2717241,1735268865.028622,-5867041689.323931,0.0,0.5208406373858452,2.8598325048471543e-09,1592886,2270
