pairing,thermo,volume_m3,volume_per_throat_m,pressure_bar,charge_kg,radius_m,throat_m2,leak_share,leak_cost,wall_share_low,wall_share_high,total_cost_low,total_cost_high,tau_quarter_radius
methane_7000,janaf,20,134.2,495.9,68.76,1.684,0.1490,0.0626,0.1253,0.0262,0.0916,0.1384,0.1710,2.274e+00
methane_7000,janaf,20,101.0,495.9,68.76,1.684,0.1980,0.0471,0.0943,0.0199,0.0708,0.1042,0.1296,2.274e+00
methane_7000,janaf,30,134.2,329.0,63.78,1.928,0.2235,0.0418,0.0835,0.0295,0.1109,0.0982,0.1389,1.648e+00
methane_7000,janaf,30,101.0,329.0,63.78,1.928,0.2970,0.0314,0.0628,0.0223,0.0851,0.0740,0.1054,1.648e+00
methane_7000,janaf,45,134.2,218.5,59.81,2.207,0.3352,0.0278,0.0557,0.0323,0.1348,0.0718,0.1231,1.158e+00
methane_7000,janaf,45,101.0,218.5,59.81,2.207,0.4455,0.0209,0.0419,0.0245,0.1028,0.0541,0.0933,1.158e+00
methane_7000,janaf,70,134.2,140.0,56.51,2.557,0.5215,0.0179,0.0358,0.0342,0.1675,0.0529,0.1195,7.653e-01
methane_7000,janaf,70,101.0,140.0,56.51,2.557,0.6930,0.0135,0.0269,0.0259,0.1272,0.0399,0.0905,7.653e-01
methane_7000,janaf,100,134.2,97.8,54.50,2.879,0.7450,0.0125,0.0251,0.0344,0.2003,0.0423,0.1252,5.369e-01
methane_7000,janaf,100,101.0,97.8,54.50,2.879,0.9900,0.0094,0.0189,0.0261,0.1517,0.0319,0.0947,5.369e-01
methane_7000,janaf,150,134.2,65.1,52.79,3.296,1.1175,0.0084,0.0167,0.0329,0.2458,0.0331,0.1396,3.526e-01
methane_7000,janaf,150,101.0,65.1,52.79,3.296,1.4850,0.0063,0.0126,0.0249,0.1858,0.0250,0.1055,3.526e-01
