wall,zone,kind,radius_m,thickness_mm,tonnes,peak_strain_pct,overshoot,tension_over_spall,pulses_air,pulses_h2,fling_strain_pct,fling_allow_pct,swing_pct,needs_barrier
all steel,head,steel,1.7638597291757865,73.16244727517224,7.725902632374715,0.529511114361888,4.696336316385005,0.13856028493199676,50086.63570934639,9671.355241981573,0.0,inf,0.5625,False
all steel,bulge ramp,steel,3.778817395744005,74.42505181122509,23.434061569113833,0.5160410208228933,2.173238529683428,0.09338250254687211,147193.84973458177,98370.03634307787,0.0,inf,0.5625,False
all steel,bulge plateau,steel,3.7797631496846193,58.62045454492109,19.29428209578614,0.5264185006817603,1.7457243501222794,0.11931662597894893,75848.90863109483,22270.05383468543,0.0,inf,0.5625,False
all steel,taper,steel,3.7797240384007846,59.5619565945938,27.843908868889603,0.5626719944865024,1.8959378362004136,0.25722162387353137,7824.794150341581,666.5592225267732,0.0,inf,0.5625,False
all steel,cone,steel,2.200363120967836,44.59619837356329,15.761135617956258,0.5502302347887214,2.384557849415415,0.03727850043226263,1168744.3918282965,36267450.05311991,0.0,inf,0.5625,False
all multilayer,head,multilayer,1.7638597291757865,72.61161773776892,7.667735423218795,0.5436905621831262,4.785791705791002,0.08745767843610518,109150.11082943509,142033.3254282118,0.6976632301904697,0.5625,0.5625,False
all multilayer,bulge ramp,multilayer,3.778817395744005,76.70842265619022,24.153021807149734,0.500930872999417,2.1743270856530583,0.07305205067065748,167180.05236857466,452990.66494683584,0.7407447244724511,0.5625,0.5625,False
all multilayer,bulge plateau,multilayer,3.7797631496846193,61.69740105181477,20.307025418207107,0.5227477588373475,1.82454422150237,0.08507145453135594,108608.6902957157,168248.08472952034,0.7700687924488389,0.5625,0.5625,False
all multilayer,taper,multilayer,3.7797240384007846,73.31106204346045,34.27131423021287,0.5504675484715178,2.28297455133884,0.16865001347094966,25002.953807822218,3530.4636317120176,0.8967486463436625,0.5625,0.5625,False
all multilayer,cone,multilayer,2.200363120967836,45.04039136292843,15.91812177824026,0.5621794487970916,2.4606094876274,0.04937366887116662,318327.87584385264,5670484.059868451,0.6636222378807117,0.5625,0.5625,False
all dry wrap,head,wrap,1.7638597291757865,199.0238304910263,3.7401277332413274,0.5625681902220065,6.002598629981749,0.021987404413754567,2531646.9664621223,1108568240.7175188,1.4915986600787756,2.4,0.5625,False
all dry wrap,bulge ramp,wrap,3.778817395744005,212.80626757431506,11.706261325716273,0.4301839693046495,2.2740414403952625,0.05375135956249712,338780.41327440436,3321710.2993899854,1.7285837501776629,2.4,0.5625,False
all dry wrap,bulge plateau,wrap,3.7797631496846193,130.86413083325246,8.792348432609103,0.5276344682937048,1.8297006623269696,0.0,inf,inf,1.19453338813204,2.4,0.5625,False
all dry wrap,taper,wrap,3.7797240384007846,264.4972482820901,20.466181107177285,0.5625742159981694,3.6180526867529306,0.0,inf,inf,1.9658769914828247,2.4,0.5625,False
all dry wrap,cone,wrap,2.200363120967836,103.98912974819272,8.227893788906952,0.5625662011553189,2.775190569279179,0.004722346467610217,80619371.48986408,24370654636876.332,0.613696148502938,2.4,0.5625,False
"multilayer band, wrap elsewhere",head,wrap,1.7638597291757865,198.83301823024058,3.737554343759639,0.562808168620377,6.000055926911194,0.021987404413754567,2531646.9664621223,1108568240.7175188,1.491882977121829,2.4,0.5625,False
"multilayer band, wrap elsewhere",bulge ramp,multilayer,3.778817395744005,80.75079622718704,25.425835582118584,0.45482591306399467,2.0782416205601617,0.06998933540939713,187713.494066134,598484.2463585186,0.7033658030121528,0.5625,0.5625,False
"multilayer band, wrap elsewhere",bulge plateau,multilayer,3.7797631496846193,58.5177353758378,19.26047320364562,0.4815333077067194,1.5940766030099711,0.09683411639644667,79297.71897471245,73425.83458434524,0.8125201644365868,0.5625,0.5625,False
"multilayer band, wrap elsewhere",taper,multilayer,3.7797240384007846,66.85926038043687,31.25523840234653,0.5162175340414128,1.9525140059192188,0.15958622379203083,27280.723175955543,4431.448781868057,0.9840309992611684,0.5625,0.5625,False
"multilayer band, wrap elsewhere",cone,wrap,2.200363120967836,103.97015068560215,8.22703714039794,0.5625968496948696,2.7749350149523653,0.004722346467610217,80619371.48986408,24370654636876.332,0.6137978175786366,2.4,0.5625,False
"steel band, wrap elsewhere",head,wrap,1.7638597291757865,198.7915131533985,3.7369945855567743,0.5628097273711332,5.998962488939741,0.021987404413754567,2531646.9664621223,1108568240.7175188,1.4919453501354112,2.4,0.5625,False
"steel band, wrap elsewhere",bulge ramp,steel,3.778817395744005,66.65351163468416,20.987052846219886,0.4981477929080786,1.8788204143519998,0.08758584691780343,174544.88180089372,147129.82581490796,0.0,inf,0.5625,False
"steel band, wrap elsewhere",bulge plateau,steel,3.7797631496846193,55.89932455443464,18.398651891903693,0.49840557349177494,1.5761037218581881,0.11990757545204539,74826.43925148183,21640.70324863394,0.0,inf,0.5625,False
"steel band, wrap elsewhere",taper,steel,3.7797240384007846,53.55296496163837,25.034837021892592,0.5220000166712548,1.581444209755694,0.27296891095440484,6423.741599560003,519.032297059706,0.0,inf,0.5625,False
"steel band, wrap elsewhere",cone,wrap,2.200363120967836,103.9596171609231,8.226561693933292,0.5625973673051831,2.7747118204433914,0.004722346467610217,80619371.48986408,24370654636876.332,0.613854270327343,2.4,0.5625,False
all maraging (barrier),head,maraging,1.7638597291757865,67.70956101283383,7.305319748434386,0.5918719471716694,4.615271408440635,0.09922229672339303,58513.28420562033,0.0,0.0,inf,0.631578947368421,True
all maraging (barrier),bulge ramp,maraging,3.778817395744005,69.675401410329,22.414864885731706,0.5807001051766255,2.1749987624585514,0.06646042917412102,159141.42160799293,0.0,0.0,inf,0.631578947368421,True
all maraging (barrier),bulge plateau,maraging,3.7797631496846193,55.04478004068733,18.510741151880488,0.5909262785909216,1.7481085364811988,0.08583080001323819,85653.0344352095,0.0,0.0,inf,0.631578947368421,True
all maraging (barrier),taper,maraging,3.7797240384007846,55.264244405048046,26.395731947399426,0.6317071614130959,1.8762187864864788,0.18365867639406785,10531.436397714404,0.0,0.0,inf,0.631578947368421,True
all maraging (barrier),cone,maraging,2.200363120967836,42.30598946986363,15.276355248324071,0.6181266695076589,2.414173717421077,0.027876830777654314,1019883.6220840173,0.0,0.0,inf,0.631578947368421,True
"maraging band (barrier), wrap elsewhere",head,wrap,1.7638597291757865,198.7889401485727,3.7369598847281806,0.5628014828577188,5.998805796902079,0.021987404413754567,2531646.9664621223,1108568240.7175188,1.4919491908797098,2.4,0.5625,False
"maraging band (barrier), wrap elsewhere",bulge ramp,maraging,3.778817395744005,60.66764612812437,19.517032745730265,0.5694518857423378,1.8571278823096853,0.05921186828443433,201175.3874073399,0.0,0.0,inf,0.631578947368421,True
"maraging band (barrier), wrap elsewhere",bulge plateau,maraging,3.7797631496846193,52.13894535377081,17.53355214903756,0.5656216269953672,1.5849194618031714,0.08610473440900845,84145.26620239939,0.0,0.0,inf,0.631578947368421,True
"maraging band (barrier), wrap elsewhere",taper,maraging,3.7797240384007846,50.083864621493746,23.921439253732633,0.581208873212074,1.5644205503958326,0.1934183396097652,9039.978191794926,0.0,0.0,inf,0.631578947368421,True
"maraging band (barrier), wrap elsewhere",cone,wrap,2.200363120967836,103.95994759072369,8.226576608378865,0.562597875305446,2.7747214074440327,0.004722346467610217,80619371.48986408,24370654636876.332,0.6138524995937467,2.4,0.5625,False
