fluid,temp_c_k,area_ratio,exit_temp_k,ratio,exit_rho,slope
methane,8000,1.0163,7058.61,0.88233,3.867341e+00,-0.8670
methane,8000,1.0349,6967.66,0.87096,3.620523e+00,-0.6249
methane,8000,1.0591,6879.04,0.85988,3.389459e+00,-0.5058
methane,8000,1.0883,6792.64,0.84908,3.173140e+00,-0.4344
methane,8000,1.1221,6708.39,0.83855,2.970628e+00,-0.3866
methane,8000,1.1604,6626.21,0.82828,2.781040e+00,-0.3521
methane,8000,1.2030,6546.02,0.81825,2.603551e+00,-0.3259
methane,8000,1.2499,6467.74,0.80847,2.437390e+00,-0.3052
methane,8000,1.3010,6391.31,0.79891,2.281834e+00,-0.2884
methane,8000,1.3566,6316.66,0.78958,2.136205e+00,-0.2743
methane,8000,1.4167,6243.74,0.78047,1.999871e+00,-0.2624
methane,8000,1.4814,6172.47,0.77156,1.872237e+00,-0.2521
methane,8000,1.5509,6102.82,0.76285,1.752750e+00,-0.2431
methane,8000,1.6255,6034.72,0.75434,1.640888e+00,-0.2351
methane,8000,1.7054,5968.12,0.74601,1.536165e+00,-0.2280
methane,8000,1.7908,5902.98,0.73787,1.438125e+00,-0.2215
methane,8000,1.8820,5839.24,0.72991,1.346343e+00,-0.2156
methane,8000,1.9794,5776.88,0.72211,1.260418e+00,-0.2102
methane,8000,2.0833,5715.83,0.71448,1.179977e+00,-0.2052
methane,8000,2.1941,5656.07,0.70701,1.104670e+00,-0.2006
methane,8000,2.3122,5597.55,0.69969,1.034169e+00,-0.1963
methane,8000,2.4380,5540.25,0.69253,9.681674e-01,-0.1923
methane,8000,2.5719,5484.11,0.68551,9.063781e-01,-0.1885
methane,8000,2.7146,5429.11,0.67864,8.485323e-01,-0.1850
methane,8000,2.8664,5375.22,0.67190,7.943782e-01,-0.1816
methane,8000,3.0281,5322.40,0.66530,7.436803e-01,-0.1784
methane,8000,3.2001,5270.62,0.65883,6.962180e-01,-0.1754
methane,8000,3.3832,5219.86,0.65248,6.517847e-01,-0.1725
methane,8000,3.5780,5170.09,0.64626,6.101873e-01,-0.1698
methane,8000,3.7853,5121.27,0.64016,5.712446e-01,-0.1671
methane,8000,4.0059,5073.39,0.63417,5.347873e-01,-0.1646
methane,8000,4.2407,5026.41,0.62830,5.006567e-01,-0.1622
methane,8000,4.4904,4980.32,0.62254,4.687043e-01,-0.1598
methane,8000,4.7561,4935.08,0.61689,4.387912e-01,-0.1576
methane,8000,5.0389,4890.68,0.61134,4.107872e-01,-0.1554
methane,8000,5.3397,4847.10,0.60589,3.845704e-01,-0.1533
methane,8000,5.6599,4804.31,0.60054,3.600268e-01,-0.1513
methane,8000,6.0005,4762.29,0.59529,3.370495e-01,-0.1493
methane,8000,6.3630,4721.03,0.59013,3.155387e-01,-0.1474
methane,8000,6.7487,4680.49,0.58506,2.954008e-01,-0.1456
methane,8000,7.1592,4640.68,0.58008,2.765480e-01,-0.1438
methane,8000,7.5960,4601.55,0.57519,2.588985e-01,-0.1421
methane,8000,8.0609,4563.11,0.57039,2.423754e-01,-0.1404
methane,8000,8.5557,4525.33,0.56567,2.269068e-01,-0.1388
methane,8000,9.0823,4488.20,0.56102,2.124254e-01,-0.1372
methane,8000,9.6428,4451.69,0.55646,1.988682e-01,-0.1356
methane,8000,10.2394,4415.80,0.55197,1.861763e-01,-0.1341
methane,8000,10.8745,4380.51,0.54756,1.742943e-01,-0.1326
methane,8000,11.5505,4345.80,0.54322,1.631707e-01,-0.1312
methane,8000,12.2702,4311.66,0.53896,1.527570e-01,-0.1298
methane,8000,13.0364,4278.08,0.53476,1.430079e-01,-0.1284
methane,8000,13.8521,4245.04,0.53063,1.338810e-01,-0.1271
methane,8000,14.7206,4212.54,0.52657,1.253366e-01,-0.1258
methane,8000,15.6453,4180.55,0.52257,1.173375e-01,-0.1245
methane,8000,16.6298,4149.06,0.51863,1.098490e-01,-0.1232
methane,8000,17.6783,4118.08,0.51476,1.028383e-01,-0.1220
methane,8000,18.7947,4087.57,0.51095,9.627508e-02,-0.1208
methane,8000,19.9835,4057.54,0.50719,9.013072e-02,-0.1197
methane,8000,21.2496,4027.96,0.50350,8.437850e-02,-0.1185
methane,8000,22.5980,3998.84,0.49986,7.899339e-02,-0.1174
methane,8000,24.0341,3970.16,0.49627,7.395196e-02,-0.1163
methane,8000,25.5636,3941.91,0.49274,6.923228e-02,-0.1152
methane,8000,27.1927,3914.08,0.48926,6.481382e-02,-0.1142
methane,8000,28.9280,3886.66,0.48583,6.067734e-02,-0.1131
methane,8000,30.7764,3859.64,0.48246,5.680486e-02,-0.1121
methane,8000,32.7454,3833.02,0.47913,5.317953e-02,-0.1111
methane,8000,34.8429,3806.78,0.47585,4.978556e-02,-0.1101
methane,8000,37.0774,3780.92,0.47261,4.660820e-02,-0.1092
methane,8000,39.4579,3755.43,0.46943,4.363363e-02,-0.1083
methane,8000,41.9941,3730.29,0.46629,4.084889e-02,-0.1073
methane,8000,44.6961,3705.51,0.46319,3.824188e-02,-0.1064
methane,8000,47.5751,3681.08,0.46014,3.580125e-02,-0.1055
methane,8000,50.6426,3656.98,0.45712,3.351638e-02,-0.1047
methane,8000,53.9110,3633.22,0.45415,3.137734e-02,-0.1038
methane,8000,57.3938,3609.78,0.45122,2.937481e-02,-0.1030
methane,8000,61.1050,3586.66,0.44833,2.750008e-02,-0.1022
methane,8000,65.0597,3563.85,0.44548,2.574500e-02,-0.1013
methane,8000,69.2741,3541.34,0.44267,2.410194e-02,-0.1005
methane,8000,73.7653,3519.13,0.43989,2.256373e-02,-0.0998
methane,8000,78.5516,3497.21,0.43715,2.112369e-02,-0.0990
methane,8000,83.6526,3475.58,0.43445,1.977556e-02,-0.0982
methane,8000,89.0892,3454.24,0.43178,1.851347e-02,-0.0975
methane,8000,94.8835,3433.16,0.42915,1.733192e-02,-0.0968
methane,8000,101.0593,3412.36,0.42654,1.622578e-02,-0.0960
methane,8000,107.6419,3391.82,0.42398,1.519024e-02,-0.0953
methane,8000,114.6581,3371.54,0.42144,1.422078e-02,-0.0946
methane,8000,122.1369,3351.51,0.41894,1.331320e-02,-0.0939
methane,8000,130.1088,3331.74,0.41647,1.246354e-02,-0.0933
methane,8000,138.6067,3312.20,0.41403,1.166811e-02,-0.0926
methane,8000,147.6654,3292.91,0.41161,1.092344e-02,-0.0920
methane,8000,157.3221,3273.85,0.40923,1.022630e-02,-0.0913
methane,8000,167.6167,3255.02,0.40688,9.573644e-03,-0.0907
methane,8000,178.5914,3236.42,0.40455,8.962646e-03,-0.0901
methane,8000,190.2915,3218.04,0.40226,8.390642e-03,-0.0894
methane,8000,202.7651,3199.88,0.39999,7.855144e-03,-0.0888
methane,8000,216.0639,3181.94,0.39774,7.353822e-03,-0.0882
methane,8000,230.2425,3164.20,0.39552,6.884494e-03,-0.0877
methane,8000,245.3595,3146.67,0.39333,6.445120e-03,-0.0871
methane,8000,261.4775,3129.34,0.39117,6.033787e-03,-0.0865
methane,8000,278.6630,3112.20,0.38903,5.648705e-03,-0.0860
methane,8000,296.9870,3095.27,0.38691,5.288200e-03,-0.0854
methane,8000,316.5255,3078.52,0.38481,4.950702e-03,-0.0849
methane,8000,337.3592,3061.96,0.38275,4.634744e-03,-0.0843
methane,8000,359.5745,3045.59,0.38070,4.338951e-03,-0.0838
methane,8000,383.2635,3029.39,0.37867,4.062035e-03,-0.0833
methane,8000,408.5243,3013.38,0.37667,3.802793e-03,-0.0828
methane,8000,435.4618,2997.53,0.37469,3.560095e-03,-0.0823
methane,8000,464.1877,2981.86,0.37273,3.332887e-03,-0.0818
methane,8000,494.8213,2966.36,0.37080,3.120179e-03,-0.0813
methane,8000,527.4899,2951.02,0.36888,2.921046e-03,-0.0808
methane,8000,562.3293,2935.85,0.36698,2.734623e-03,-0.0804
methane,8000,599.4842,2920.83,0.36510,2.560097e-03,-0.0799
methane,8000,639.1094,2905.97,0.36325,2.396709e-03,-0.0795
methane,8000,681.3696,2891.27,0.36141,2.243749e-03,-0.0790
methane,8000,726.4409,2876.71,0.35959,2.100551e-03,-0.0786
methane,8000,774.5110,2862.31,0.35779,1.966492e-03,-0.0781
methane,8000,825.7802,2848.05,0.35601,1.840989e-03,-0.0777
methane,8000,880.4622,2833.93,0.35424,1.723495e-03,-0.0773
methane,8000,938.7850,2819.95,0.35249,1.613500e-03,-0.0769
methane,10000,1.0064,8551.01,0.85510,3.168514e+00,-1.6958
methane,10000,1.0206,8406.10,0.84061,2.966297e+00,-0.9873
methane,10000,1.0414,8267.16,0.82672,2.776985e+00,-0.7300
methane,10000,1.0678,8133.74,0.81337,2.599755e+00,-0.5957
methane,10000,1.0992,8005.42,0.80054,2.433837e+00,-0.5127
methane,10000,1.1353,7881.85,0.78818,2.278507e+00,-0.4559
methane,10000,1.1760,7762.68,0.77627,2.133091e+00,-0.4143
methane,10000,1.2211,7647.62,0.76476,1.996955e+00,-0.3824
methane,10000,1.2706,7536.41,0.75364,1.869508e+00,-0.3570
methane,10000,1.3245,7428.80,0.74288,1.750194e+00,-0.3363
methane,10000,1.3830,7324.56,0.73246,1.638495e+00,-0.3190
methane,10000,1.4461,7223.51,0.72235,1.533925e+00,-0.3042
methane,10000,1.5141,7125.46,0.71255,1.436029e+00,-0.2915
methane,10000,1.5871,7030.24,0.70302,1.344380e+00,-0.2804
methane,10000,1.6654,6937.71,0.69377,1.258580e+00,-0.2705
methane,10000,1.7492,6847.73,0.68477,1.178257e+00,-0.2618
methane,10000,1.8388,6760.16,0.67602,1.103059e+00,-0.2539
methane,10000,1.9345,6674.90,0.66749,1.032661e+00,-0.2467
methane,10000,2.0367,6591.83,0.65918,9.667558e-01,-0.2402
methane,10000,2.1457,6510.87,0.65109,9.050566e-01,-0.2342
methane,10000,2.2619,6431.91,0.64319,8.472951e-01,-0.2286
methane,10000,2.3858,6354.87,0.63549,7.932200e-01,-0.2235
methane,10000,2.5178,6279.68,0.62797,7.425960e-01,-0.2187
methane,10000,2.6584,6206.26,0.62063,6.952029e-01,-0.2142
methane,10000,2.8082,6134.54,0.61345,6.508344e-01,-0.2100
methane,10000,2.9676,6064.47,0.60645,6.092976e-01,-0.2061
methane,10000,3.1374,5995.97,0.59960,5.704117e-01,-0.2023
methane,10000,3.3182,5929.01,0.59290,5.340075e-01,-0.1988
methane,10000,3.5106,5863.52,0.58635,4.999267e-01,-0.1954
methane,10000,3.7155,5799.45,0.57995,4.680210e-01,-0.1922
methane,10000,3.9335,5736.77,0.57368,4.381515e-01,-0.1891
methane,10000,4.1655,5675.42,0.56754,4.101882e-01,-0.1861
methane,10000,4.4125,5615.37,0.56154,3.840097e-01,-0.1833
methane,10000,4.6754,5556.57,0.55566,3.595018e-01,-0.1805
methane,10000,4.9552,5498.99,0.54990,3.365581e-01,-0.1779
methane,10000,5.2530,5442.60,0.54426,3.150787e-01,-0.1754
methane,10000,5.5700,5387.36,0.53874,2.949701e-01,-0.1729
methane,10000,5.9074,5333.24,0.53332,2.761448e-01,-0.1705
methane,10000,6.2666,5280.20,0.52802,2.585210e-01,-0.1682
methane,10000,6.6488,5228.22,0.52282,2.420220e-01,-0.1660
methane,10000,7.0558,5177.27,0.51773,2.265759e-01,-0.1638
methane,10000,7.4890,5127.33,0.51273,2.121157e-01,-0.1616
methane,10000,7.9501,5078.36,0.50784,1.985783e-01,-0.1596
methane,10000,8.4411,5030.33,0.50303,1.859048e-01,-0.1576
methane,10000,8.9637,4983.24,0.49832,1.740402e-01,-0.1556
methane,10000,9.5202,4937.04,0.49370,1.629328e-01,-0.1537
methane,10000,10.1127,4891.73,0.48917,1.525343e-01,-0.1518
methane,10000,10.7435,4847.27,0.48473,1.427994e-01,-0.1500
methane,10000,11.4153,4803.64,0.48036,1.336858e-01,-0.1482
methane,10000,12.1305,4760.83,0.47608,1.251539e-01,-0.1464
methane,10000,12.8922,4718.81,0.47188,1.171665e-01,-0.1447
methane,10000,13.7034,4677.56,0.46776,1.096888e-01,-0.1431
methane,10000,14.5672,4637.07,0.46371,1.026884e-01,-0.1414
methane,10000,15.4873,4597.31,0.45973,9.613471e-02,-0.1398
methane,10000,16.4671,4558.26,0.45583,8.999931e-02,-0.1382
methane,10000,17.5108,4519.92,0.45199,8.425547e-02,-0.1367
methane,10000,18.6224,4482.26,0.44823,7.887822e-02,-0.1352
methane,10000,19.8065,4445.26,0.44453,7.384414e-02,-0.1337
methane,10000,21.0678,4408.90,0.44089,6.913134e-02,-0.1323
methane,10000,22.4114,4373.19,0.43732,6.471932e-02,-0.1309
methane,10000,23.8428,4338.08,0.43381,6.058888e-02,-0.1295
methane,10000,25.3677,4303.58,0.43036,5.672204e-02,-0.1281
methane,10000,26.9922,4269.67,0.42697,5.310199e-02,-0.1268
methane,10000,28.7231,4236.32,0.42363,4.971298e-02,-0.1255
methane,10000,30.5672,4203.54,0.42035,4.654025e-02,-0.1242
methane,10000,32.5321,4171.30,0.41713,4.357001e-02,-0.1230
methane,10000,34.6257,4139.59,0.41396,4.078933e-02,-0.1217
methane,10000,36.8566,4108.41,0.41084,3.818612e-02,-0.1205
methane,10000,39.2338,4077.73,0.40777,3.574905e-02,-0.1193
methane,10000,41.7670,4047.54,0.40475,3.346752e-02,-0.1182
methane,10000,44.4665,4017.84,0.40178,3.133159e-02,-0.1170
methane,10000,47.3434,3988.60,0.39886,2.933198e-02,-0.1159
methane,10000,50.4094,3959.83,0.39598,2.745999e-02,-0.1148
methane,10000,53.6770,3931.51,0.39315,2.570747e-02,-0.1138
methane,10000,57.1596,3903.63,0.39036,2.406679e-02,-0.1127
methane,10000,60.8714,3876.18,0.38762,2.253083e-02,-0.1117
methane,10000,64.8276,3849.14,0.38491,2.109289e-02,-0.1106
methane,10000,69.0445,3822.52,0.38225,1.974673e-02,-0.1096
methane,10000,73.5393,3796.29,0.37963,1.848647e-02,-0.1087
methane,10000,78.3304,3770.46,0.37705,1.730665e-02,-0.1077
methane,10000,83.4376,3745.01,0.37450,1.620213e-02,-0.1068
methane,10000,88.8819,3719.93,0.37199,1.516809e-02,-0.1058
methane,10000,94.6856,3695.22,0.36952,1.420005e-02,-0.1049
methane,10000,100.8727,3670.86,0.36709,1.329379e-02,-0.1040
methane,10000,107.4685,3646.86,0.36469,1.244537e-02,-0.1031
methane,10000,114.5003,3623.19,0.36232,1.165110e-02,-0.1023
methane,10000,121.9971,3599.86,0.35999,1.090751e-02,-0.1014
methane,10000,129.9898,3576.86,0.35769,1.021139e-02,-0.1006
methane,10000,138.5114,3554.18,0.35542,9.559686e-03,-0.0998
methane,10000,147.5972,3531.81,0.35318,8.949578e-03,-0.0990
methane,10000,157.2846,3509.75,0.35097,8.378408e-03,-0.0982
methane,10000,167.6138,3487.98,0.34880,7.843691e-03,-0.0974
methane,10000,178.6274,3466.51,0.34665,7.343100e-03,-0.0966
methane,10000,190.3712,3445.33,0.34453,6.874457e-03,-0.0959
methane,10000,202.8937,3424.43,0.34244,6.435723e-03,-0.0951
methane,10000,216.2469,3403.81,0.34038,6.024990e-03,-0.0944
methane,10000,230.4861,3383.45,0.33835,5.640470e-03,-0.0937
methane,10000,245.6704,3363.36,0.33634,5.280490e-03,-0.0930
methane,10000,261.8629,3343.53,0.33435,4.943484e-03,-0.0923
methane,10000,279.1309,3323.96,0.33240,4.627987e-03,-0.0916
methane,10000,297.5461,3304.63,0.33046,4.332625e-03,-0.0909
methane,10000,317.1851,3285.55,0.32855,4.056113e-03,-0.0903
methane,10000,338.1295,3266.70,0.32667,3.797248e-03,-0.0896
methane,10000,360.4666,3248.10,0.32481,3.554905e-03,-0.0890
methane,10000,384.2894,3229.72,0.32297,3.328027e-03,-0.0884
methane,10000,409.6971,3211.56,0.32116,3.115630e-03,-0.0877
methane,10000,436.7957,3193.63,0.31936,2.916788e-03,-0.0871
methane,10000,465.6980,3175.92,0.31759,2.730636e-03,-0.0865
methane,10000,496.5247,3158.42,0.31584,2.556364e-03,-0.0859
methane,10000,529.4045,3141.13,0.31411,2.393215e-03,-0.0853
methane,10000,564.4746,3124.04,0.31240,2.240478e-03,-0.0848
methane,10000,601.8815,3107.15,0.31072,2.097488e-03,-0.0842
methane,10000,641.7815,3090.46,0.30905,1.963625e-03,-0.0836
methane,10000,684.3414,3073.97,0.30740,1.838305e-03,-0.0831
methane,10000,729.7392,3057.67,0.30577,1.720982e-03,-0.0825
methane,10000,778.1648,3041.55,0.30415,1.611148e-03,-0.0820
methane,10000,829.8209,3025.62,0.30256,1.508323e-03,-0.0815
methane,10000,884.9238,3009.86,0.30099,1.412060e-03,-0.0809
methane,10000,943.7043,2994.29,0.29943,1.321942e-03,-0.0803
water,8000,1.0181,6963.24,0.87040,7.078739e+00,-0.8763
water,8000,1.0376,6867.66,0.85846,6.626967e+00,-0.6375
water,8000,1.0628,6775.26,0.84691,6.204029e+00,-0.5167
water,8000,1.0929,6685.87,0.83573,5.808082e+00,-0.4430
water,8000,1.1278,6599.33,0.82492,5.437405e+00,-0.3930
water,8000,1.1671,6515.50,0.81444,5.090385e+00,-0.3566
water,8000,1.2108,6434.25,0.80428,4.765512e+00,-0.3287
water,8000,1.2588,6355.44,0.79443,4.461373e+00,-0.3065
water,8000,1.3113,6278.97,0.78487,4.176645e+00,-0.2883
water,8000,1.3681,6204.73,0.77559,3.910087e+00,-0.2731
water,8000,1.4296,6132.60,0.76658,3.660542e+00,-0.2600
water,8000,1.4957,6062.50,0.75781,3.426923e+00,-0.2487
water,8000,1.5668,5994.33,0.74929,3.208214e+00,-0.2388
water,8000,1.6430,5928.01,0.74100,3.003463e+00,-0.2300
water,8000,1.7246,5863.46,0.73293,2.811779e+00,-0.2221
water,8000,1.8119,5800.60,0.72507,2.632329e+00,-0.2149
water,8000,1.9051,5739.36,0.71742,2.464332e+00,-0.2084
water,8000,2.0046,5679.67,0.70996,2.307056e+00,-0.2025
water,8000,2.1108,5621.47,0.70268,2.159818e+00,-0.1970
water,8000,2.2239,5564.71,0.69559,2.021976e+00,-0.1919
water,8000,2.3446,5509.31,0.68866,1.892932e+00,-0.1871
water,8000,2.4730,5455.24,0.68190,1.772123e+00,-0.1827
water,8000,2.6099,5402.43,0.67530,1.659025e+00,-0.1786
water,8000,2.7556,5350.84,0.66886,1.553144e+00,-0.1747
water,8000,2.9108,5300.43,0.66255,1.454021e+00,-0.1710
water,8000,3.0759,5251.15,0.65639,1.361224e+00,-0.1676
water,8000,3.2517,5202.96,0.65037,1.274350e+00,-0.1643
water,8000,3.4387,5155.82,0.64448,1.193020e+00,-0.1612
water,8000,3.6378,5109.69,0.63871,1.116880e+00,-0.1582
water,8000,3.8496,5064.54,0.63307,1.045600e+00,-0.1554
water,8000,4.0750,5020.33,0.62754,9.788689e-01,-0.1527
water,8000,4.3149,4977.04,0.62213,9.163966e-01,-0.1502
water,8000,4.5701,4934.63,0.61683,8.579114e-01,-0.1477
water,8000,4.8417,4893.07,0.61163,8.031587e-01,-0.1454
water,8000,5.1306,4852.33,0.60654,7.519004e-01,-0.1431
water,8000,5.4381,4812.40,0.60155,7.039135e-01,-0.1409
water,8000,5.7652,4773.23,0.59665,6.589891e-01,-0.1388
water,8000,6.1134,4734.81,0.59185,6.169319e-01,-0.1368
water,8000,6.4838,4697.12,0.58714,5.775587e-01,-0.1349
water,8000,6.8781,4660.13,0.58252,5.406984e-01,-0.1330
water,8000,7.2976,4623.82,0.57798,5.061906e-01,-0.1312
water,8000,7.7441,4588.17,0.57352,4.738851e-01,-0.1295
water,8000,8.2193,4553.16,0.56914,4.436413e-01,-0.1278
water,8000,8.7251,4518.77,0.56485,4.153277e-01,-0.1262
water,8000,9.2634,4484.99,0.56062,3.888212e-01,-0.1246
water,8000,9.8363,4451.79,0.55647,3.640062e-01,-0.1230
water,8000,10.4462,4419.16,0.55240,3.407751e-01,-0.1216
water,8000,11.0954,4387.09,0.54839,3.190265e-01,-0.1201
water,8000,11.7865,4355.55,0.54444,2.986659e-01,-0.1187
water,8000,12.5222,4324.54,0.54057,2.796048e-01,-0.1173
water,8000,13.3054,4294.04,0.53675,2.617602e-01,-0.1160
water,8000,14.1393,4264.03,0.53300,2.450544e-01,-0.1147
water,8000,15.0271,4234.50,0.52931,2.294148e-01,-0.1135
water,8000,15.9724,4205.45,0.52568,2.147734e-01,-0.1123
water,8000,16.9789,4176.85,0.52211,2.010664e-01,-0.1111
water,8000,18.0507,4148.69,0.51859,1.882341e-01,-0.1099
water,8000,19.1920,4120.97,0.51512,1.762209e-01,-0.1088
water,8000,20.4074,4093.68,0.51171,1.649743e-01,-0.1077
water,8000,21.7016,4066.79,0.50835,1.544455e-01,-0.1066
water,8000,23.0801,4040.31,0.50504,1.445886e-01,-0.1056
water,8000,24.5481,4014.22,0.50178,1.353609e-01,-0.1045
water,8000,26.1117,3988.52,0.49856,1.267220e-01,-0.1035
water,8000,27.7770,3963.19,0.49540,1.186345e-01,-0.1026
water,8000,29.5509,3938.22,0.49228,1.110632e-01,-0.1016
water,8000,31.4404,3913.61,0.48920,1.039750e-01,-0.1007
water,8000,33.4531,3889.34,0.48617,9.733923e-02,-0.0998
water,8000,35.5971,3865.42,0.48318,9.112696e-02,-0.0989
water,8000,37.8812,3841.82,0.48023,8.531116e-02,-0.0980
water,8000,40.3145,3818.56,0.47732,7.986653e-02,-0.0972
water,8000,42.9068,3795.60,0.47445,7.476937e-02,-0.0963
water,8000,45.6687,3772.96,0.47162,6.999753e-02,-0.0955
water,8000,48.6113,3750.62,0.46883,6.553022e-02,-0.0947
water,8000,51.7466,3728.58,0.46607,6.134803e-02,-0.0939
water,8000,55.0872,3706.83,0.46335,5.743274e-02,-0.0932
water,8000,58.6468,3685.36,0.46067,5.376734e-02,-0.0924
water,8000,62.4397,3664.16,0.45802,5.033586e-02,-0.0917
water,8000,66.4815,3643.24,0.45541,4.712338e-02,-0.0909
water,8000,70.7885,3622.59,0.45282,4.411592e-02,-0.0902
water,8000,75.3783,3602.19,0.45027,4.130041e-02,-0.0895
water,8000,80.2697,3582.05,0.44776,3.866458e-02,-0.0888
water,8000,85.4825,3562.16,0.44527,3.619697e-02,-0.0882
water,8000,91.0380,3542.51,0.44281,3.388685e-02,-0.0875
water,8000,96.9590,3523.11,0.44039,3.172416e-02,-0.0869
water,8000,103.2696,3503.94,0.43799,2.969950e-02,-0.0862
water,8000,109.9957,3484.99,0.43562,2.780405e-02,-0.0856
water,8000,117.1647,3466.28,0.43328,2.602957e-02,-0.0850
water,8000,124.8061,3447.78,0.43097,2.436834e-02,-0.0844
water,8000,132.9512,3429.50,0.42869,2.281313e-02,-0.0838
water,8000,141.6333,3411.43,0.42643,2.135718e-02,-0.0832
water,8000,150.8882,3393.57,0.42420,1.999414e-02,-0.0826
water,8000,160.7538,3375.92,0.42199,1.871810e-02,-0.0821
water,8000,171.2706,3358.47,0.41981,1.752350e-02,-0.0815
water,8000,182.4820,3341.21,0.41765,1.640513e-02,-0.0810
water,8000,194.4340,3324.15,0.41552,1.535814e-02,-0.0804
water,8000,207.1758,3307.27,0.41341,1.437797e-02,-0.0799
water,8000,220.7600,3290.58,0.41132,1.346036e-02,-0.0794
water,8000,235.2424,3274.08,0.40926,1.260130e-02,-0.0789
water,8000,250.6830,3257.75,0.40722,1.179708e-02,-0.0784
water,8000,267.1453,3241.60,0.40520,1.104418e-02,-0.0779
water,8000,284.6973,3225.62,0.40320,1.033933e-02,-0.0774
water,8000,303.4116,3209.81,0.40123,9.679465e-03,-0.0769
water,8000,323.3654,3194.17,0.39927,9.061713e-03,-0.0765
water,8000,344.6414,3178.70,0.39734,8.483386e-03,-0.0760
water,8000,367.3274,3163.38,0.39542,7.941969e-03,-0.0755
water,8000,391.5175,3148.22,0.39353,7.435106e-03,-0.0751
water,8000,417.3118,3133.22,0.39165,6.960591e-03,-0.0746
water,8000,444.8172,3118.37,0.38980,6.516360e-03,-0.0742
water,8000,474.1478,3103.67,0.38796,6.100480e-03,-0.0738
water,8000,505.4250,3089.12,0.38614,5.711142e-03,-0.0734
water,8000,538.7789,3074.71,0.38434,5.346652e-03,-0.0729
water,8000,574.3477,3060.45,0.38256,5.005424e-03,-0.0725
water,8000,612.2793,3046.33,0.38079,4.685974e-03,-0.0721
water,8000,652.7312,3032.34,0.37904,4.386911e-03,-0.0717
water,8000,695.8717,3018.50,0.37731,4.106934e-03,-0.0713
water,8000,741.8800,3004.78,0.37560,3.844826e-03,-0.0709
water,8000,790.9477,2991.20,0.37390,3.599446e-03,-0.0706
water,8000,843.2790,2977.75,0.37222,3.369726e-03,-0.0702
water,8000,899.0918,2964.42,0.37055,3.154667e-03,-0.0698
water,8000,958.6185,2951.22,0.36890,2.953334e-03,-0.0691
water,10000,1.0077,8267.30,0.82673,6.175527e+00,-1.8219
water,10000,1.0232,8100.33,0.81003,5.781399e+00,-1.0991
water,10000,1.0452,7941.95,0.79419,5.412425e+00,-0.8194
water,10000,1.0729,7791.51,0.77915,5.067000e+00,-0.6689
water,10000,1.1058,7648.45,0.76485,4.743619e+00,-0.5738
water,10000,1.1434,7512.22,0.75122,4.440877e+00,-0.5076
water,10000,1.1857,7382.34,0.73823,4.157457e+00,-0.4585
water,10000,1.2324,7258.35,0.72584,3.892124e+00,-0.4202
water,10000,1.2837,7139.85,0.71398,3.643725e+00,-0.3895
water,10000,1.3396,7026.45,0.70264,3.411180e+00,-0.3640
water,10000,1.4001,6917.80,0.69178,3.193475e+00,-0.3425
water,10000,1.4655,6813.59,0.68136,2.989665e+00,-0.3241
water,10000,1.5358,6713.53,0.67135,2.798862e+00,-0.3080
water,10000,1.6113,6617.36,0.66174,2.620236e+00,-0.2939
water,10000,1.6923,6524.82,0.65248,2.453010e+00,-0.2813
water,10000,1.7790,6435.69,0.64357,2.296457e+00,-0.2700
water,10000,1.8716,6349.77,0.63498,2.149895e+00,-0.2598
water,10000,1.9706,6266.87,0.62669,2.012687e+00,-0.2505
water,10000,2.0763,6186.81,0.61868,1.884236e+00,-0.2420
water,10000,2.1891,6109.43,0.61094,1.763982e+00,-0.2342
water,10000,2.3093,6034.59,0.60346,1.651403e+00,-0.2270
water,10000,2.4375,5962.13,0.59621,1.546009e+00,-0.2204
water,10000,2.5741,5891.94,0.58919,1.447341e+00,-0.2142
water,10000,2.7196,5823.90,0.58239,1.354971e+00,-0.2084
water,10000,2.8746,5757.90,0.57579,1.268495e+00,-0.2030
water,10000,3.0397,5693.83,0.56938,1.187539e+00,-0.1979
water,10000,3.2155,5631.60,0.56316,1.111749e+00,-0.1931
water,10000,3.4027,5571.13,0.55711,1.040796e+00,-0.1886
water,10000,3.6019,5512.32,0.55123,9.743719e-01,-0.1844
water,10000,3.8141,5455.10,0.54551,9.121866e-01,-0.1804
water,10000,4.0399,5399.40,0.53994,8.539701e-01,-0.1766
water,10000,4.2803,5345.15,0.53451,7.994690e-01,-0.1729
water,10000,4.5362,5292.28,0.52923,7.484462e-01,-0.1695
water,10000,4.8086,5240.75,0.52407,7.006797e-01,-0.1662
water,10000,5.0986,5190.48,0.51905,6.559617e-01,-0.1631
water,10000,5.4073,5141.43,0.51414,6.140976e-01,-0.1601
water,10000,5.7358,5093.55,0.50936,5.749054e-01,-0.1572
water,10000,6.0856,5046.79,0.50468,5.382144e-01,-0.1545
water,10000,6.4579,5001.11,0.50011,5.038651e-01,-0.1518
water,10000,6.8543,4956.46,0.49565,4.717080e-01,-0.1493
water,10000,7.2762,4912.81,0.49128,4.416032e-01,-0.1469
water,10000,7.7254,4870.11,0.48701,4.134197e-01,-0.1446
water,10000,8.2037,4828.34,0.48283,3.870349e-01,-0.1423
water,10000,8.7128,4787.45,0.47875,3.623340e-01,-0.1402
water,10000,9.2550,4747.42,0.47474,3.392095e-01,-0.1381
water,10000,9.8322,4708.22,0.47082,3.175609e-01,-0.1361
water,10000,10.4468,4669.82,0.46698,2.972938e-01,-0.1341
water,10000,11.1013,4632.18,0.46322,2.783203e-01,-0.1322
water,10000,11.7982,4595.29,0.45953,2.605577e-01,-0.1304
water,10000,12.5403,4559.12,0.45591,2.439286e-01,-0.1287
water,10000,13.3306,4523.65,0.45236,2.283609e-01,-0.1270
water,10000,14.1723,4488.84,0.44888,2.137867e-01,-0.1253
water,10000,15.0687,4454.69,0.44547,2.001427e-01,-0.1237
water,10000,16.0234,4421.17,0.44212,1.873694e-01,-0.1222
water,10000,17.0403,4388.26,0.43883,1.754113e-01,-0.1207
water,10000,18.1234,4355.95,0.43559,1.642164e-01,-0.1192
water,10000,19.2770,4324.21,0.43242,1.537360e-01,-0.1178
water,10000,20.5059,4293.02,0.42930,1.439244e-01,-0.1164
water,10000,21.8150,4262.38,0.42624,1.347390e-01,-0.1151
water,10000,23.2095,4232.26,0.42323,1.261399e-01,-0.1138
water,10000,24.6952,4202.65,0.42027,1.180895e-01,-0.1125
water,10000,26.2779,4173.54,0.41735,1.105529e-01,-0.1113
water,10000,27.9641,4144.91,0.41449,1.034973e-01,-0.1101
water,10000,29.7607,4116.74,0.41167,9.689205e-02,-0.1089
water,10000,31.6748,4089.03,0.40890,9.070832e-02,-0.1078
water,10000,33.7143,4061.77,0.40618,8.491923e-02,-0.1067
water,10000,35.8875,4034.93,0.40349,7.949961e-02,-0.1056
water,10000,38.2031,4008.52,0.40085,7.442588e-02,-0.1045
water,10000,40.6707,3982.51,0.39825,6.967595e-02,-0.1035
water,10000,43.3001,3956.90,0.39569,6.522917e-02,-0.1025
water,10000,46.1023,3931.68,0.39317,6.106619e-02,-0.1015
water,10000,49.0885,3906.83,0.39068,5.716889e-02,-0.1005
water,10000,52.2710,3882.36,0.38824,5.352033e-02,-0.0996
water,10000,55.6627,3858.24,0.38582,5.010461e-02,-0.0987
water,10000,59.2775,3834.47,0.38345,4.690689e-02,-0.0978
water,10000,63.1302,3811.05,0.38110,4.391325e-02,-0.0969
water,10000,67.2366,3787.96,0.37880,4.111067e-02,-0.0960
water,10000,71.6135,3765.19,0.37652,3.848695e-02,-0.0952
water,10000,76.2788,3742.74,0.37427,3.603068e-02,-0.0943
water,10000,81.2517,3720.61,0.37206,3.373117e-02,-0.0935
water,10000,86.5525,3698.77,0.36988,3.157842e-02,-0.0927
water,10000,92.2030,3677.23,0.36772,2.956306e-02,-0.0920
water,10000,98.2265,3655.98,0.36560,2.767632e-02,-0.0912
water,10000,104.6477,3635.02,0.36350,2.590999e-02,-0.0905
water,10000,111.4931,3614.33,0.36143,2.425639e-02,-0.0897
water,10000,118.7907,3593.91,0.35939,2.270833e-02,-0.0890
water,10000,126.5708,3573.76,0.35738,2.125906e-02,-0.0883
water,10000,134.8653,3553.86,0.35539,1.990229e-02,-0.0876
water,10000,143.7085,3534.22,0.35342,1.863211e-02,-0.0869
water,10000,153.1369,3514.83,0.35148,1.744299e-02,-0.0863
water,10000,163.1893,3495.67,0.34957,1.632976e-02,-0.0856
water,10000,173.9074,3476.76,0.34768,1.528758e-02,-0.0850
water,10000,185.3355,3458.08,0.34581,1.431192e-02,-0.0843
water,10000,197.5208,3439.63,0.34396,1.339852e-02,-0.0837
water,10000,210.5137,3421.39,0.34214,1.254341e-02,-0.0831
water,10000,224.3682,3403.38,0.34034,1.174288e-02,-0.0825
water,10000,239.1414,3385.59,0.33856,1.099344e-02,-0.0819
water,10000,254.8948,3368.00,0.33680,1.029183e-02,-0.0814
water,10000,271.6936,3350.62,0.33506,9.634997e-03,-0.0808
water,10000,289.6075,3333.44,0.33334,9.020083e-03,-0.0802
water,10000,308.7109,3316.46,0.33165,8.444413e-03,-0.0797
water,10000,329.0832,3299.67,0.32997,7.905483e-03,-0.0791
water,10000,350.8090,3283.07,0.32831,7.400948e-03,-0.0786
water,10000,373.9786,3266.66,0.32667,6.928613e-03,-0.0781
water,10000,398.6884,3250.43,0.32504,6.486423e-03,-0.0776
water,10000,425.0411,3234.39,0.32344,6.072454e-03,-0.0771
water,10000,453.1466,3218.52,0.32185,5.684905e-03,-0.0766
water,10000,483.1218,3202.82,0.32028,5.322089e-03,-0.0761
water,10000,515.0917,3187.29,0.31873,4.982429e-03,-0.0756
water,10000,549.1895,3171.93,0.31719,4.664446e-03,-0.0751
water,10000,585.5573,3156.74,0.31567,4.366757e-03,-0.0747
water,10000,624.3470,3141.70,0.31417,4.088067e-03,-0.0742
water,10000,665.7204,3126.83,0.31268,3.827163e-03,-0.0737
water,10000,709.8501,3112.10,0.31121,3.582910e-03,-0.0733
water,10000,756.9207,3097.54,0.30975,3.354245e-03,-0.0729
water,10000,807.1286,3083.12,0.30831,3.140175e-03,-0.0724
water,10000,860.6839,3068.85,0.30688,2.939766e-03,-0.0720
water,10000,917.8103,3054.72,0.30547,2.752147e-03,-0.0716
water,10000,978.7469,3040.74,0.30407,2.576503e-03,-0.0709
