fluid,estimated,temp_c_k,volume_m3,throat_area_m2,area_ratio,slug_ratio,rho_c,pressure_c_bar,u_j_kg,store_charged,exit_temp_k,exit_rho,exit_speed_m_s,conversion,conversion_capped,store_returned,store_held_exit,min_damkohler,margin_decades,verdict,freeze_area_ratio,freeze_temp_k,nozzle_length_m,blowdown_ms,blowdown_fits,isp_true_s,isp_effective_s,below_carbon_floor
methane,False,6000,50,7,4.039,50.8038,2.590190e+01,2048.5699,5.429138e+07,0.27521,4143.60,1.875519e+00,6230.11,0.35746,0.35746,0.27909,0.19840,1.299146e+04,3.1137,equilibrium,,,5.625,3.92,True,635.3,647.8,False
methane,False,6000,50,4,7.069,50.8038,2.590190e+01,2048.5699,5.429138e+07,0.27521,3839.60,9.864524e-01,6769.22,0.42200,0.42200,0.33664,0.18256,2.792827e+03,2.4460,equilibrium,,,6.985,6.86,True,690.3,703.9,True
methane,False,6000,50,2,14.137,50.8038,2.590190e+01,2048.5699,5.429138e+07,0.27521,3519.98,4.571638e-01,7301.71,0.49101,0.49101,0.39956,0.16524,4.270636e+02,1.6305,equilibrium,,,8.218,13.71,True,744.6,759.2,True
methane,False,6000,50,1,28.274,50.8038,2.590190e+01,2048.5699,5.429138e+07,0.27521,3241.32,2.158414e-01,7735.29,0.55105,0.55105,0.45447,0.15013,6.712373e+01,0.8269,equilibrium,,,9.091,27.43,True,788.8,804.3,True
methane,False,6000,50,0.5,56.549,50.8038,2.590190e+01,2048.5699,5.429138e+07,0.27521,2986.71,1.030573e-01,8099.62,0.60418,0.60418,0.50164,0.13715,1.016462e+01,0.0071,equilibrium,,,9.707,54.85,True,825.9,842.2,True
methane,False,6000,50,0.2,141.372,50.8038,2.590190e+01,2048.5699,5.429138e+07,0.27521,2662.25,3.926751e-02,8503.15,0.66588,0.63425,0.49010,0.12355,7.140042e-01,-1.1463,freezing,47.198,3051.5,10.255,137.14,True,846.2,862.9,True
methane,False,6000,50,0.1,282.743,50.8038,2.590190e+01,2048.5699,5.429138e+07,0.27521,2406.93,1.904343e-02,8762.64,0.70715,0.65631,0.47908,0.11639,7.827448e-02,-2.1064,frozen,40.009,3111.6,10.530,274.27,True,860.8,877.8,True
methane,False,6000,50,0.05,565.487,50.8038,2.590190e+01,2048.5699,5.429138e+07,0.27521,2131.97,9.286784e-03,8989.04,0.74416,0.67949,0.46764,0.11220,6.718168e-03,-3.1727,frozen,33.933,3172.4,10.725,548.54,False,875.9,893.1,True
methane,False,6000,100,7,4.039,45.7091,1.167728e+01,1008.1174,6.021309e+07,0.33634,4165.67,8.499443e-01,6493.24,0.35011,0.35011,0.27566,0.24362,5.251012e+03,2.7202,equilibrium,,,5.625,7.47,True,662.1,676.6,False
methane,False,6000,100,4,7.069,45.7091,1.167728e+01,1008.1174,6.021309e+07,0.33634,3871.62,4.473192e-01,7050.63,0.41280,0.41280,0.33165,0.22479,1.162162e+03,2.0653,equilibrium,,,6.985,13.07,True,719.0,734.7,True
methane,False,6000,100,2,14.137,45.7091,1.167728e+01,1008.1174,6.021309e+07,0.33634,3567.24,2.074455e-01,7600.86,0.47974,0.47974,0.39339,0.20403,1.866758e+02,1.2711,equilibrium,,,8.218,26.14,True,775.1,792.0,True
methane,False,6000,100,1,28.274,45.7091,1.167728e+01,1008.1174,6.021309e+07,0.33634,3308.64,9.796605e-02,8049.11,0.53799,0.53799,0.44847,0.18550,3.152978e+01,0.4987,equilibrium,,,9.091,52.28,True,820.8,838.7,True
methane,False,6000,100,0.5,56.549,45.7091,1.167728e+01,1008.1174,6.021309e+07,0.33634,3081.87,4.677235e-02,8426.33,0.58960,0.57838,0.47822,0.16889,5.208190e+00,-0.2833,freezing,42.544,3171.7,9.707,104.57,True,851.0,869.6,True
methane,False,6000,100,0.2,141.372,45.7091,1.167728e+01,1008.1174,6.021309e+07,0.33634,2814.46,1.782928e-02,8845.35,0.64969,0.59672,0.46245,0.14963,4.860556e-01,-1.3133,freezing,34.148,3244.1,10.255,261.42,True,864.4,883.3,True
methane,False,6000,100,0.1,282.743,45.7091,1.167728e+01,1008.1174,6.021309e+07,0.33634,2625.11,8.643925e-03,9116.75,0.69017,0.60899,0.45030,0.13712,7.403386e-02,-2.1306,frozen,28.975,3300.0,10.530,522.84,False,873.3,892.4,True
methane,False,6000,100,0.05,565.487,45.7091,1.167728e+01,1008.1174,6.021309e+07,0.33634,2436.26,4.212699e-03,9356.71,0.72699,0.62078,0.43788,0.12658,1.075418e-02,-2.9684,frozen,24.601,3357.5,10.725,1045.69,False,881.7,901.0,True
methane,False,6000,200,7,4.039,40.6052,5.200652e+00,494.5716,6.759970e+07,0.41154,4177.05,3.801954e-01,6800.99,0.34211,0.34211,0.26948,0.30064,2.024094e+03,2.3062,equilibrium,,,5.625,14.18,True,693.5,710.6,False
methane,False,6000,200,4,7.069,40.6052,5.200652e+00,494.5716,6.759970e+07,0.41154,3888.00,2.002098e-01,7380.39,0.40289,0.40289,0.32297,0.27862,4.584426e+02,1.6613,equilibrium,,,6.985,24.82,True,752.6,771.1,True
methane,False,6000,200,2,14.137,40.6052,5.200652e+00,494.5716,6.759970e+07,0.41154,3590.90,9.290836e-02,7951.71,0.46768,0.46768,0.38189,0.25438,7.607217e+01,0.8812,equilibrium,,,8.218,49.64,True,810.8,830.8,True
methane,False,6000,200,1,28.274,40.6052,5.200652e+00,494.5716,6.759970e+07,0.41154,3341.25,4.388985e-02,8416.94,0.52400,0.52400,0.43463,0.23267,1.337132e+01,0.1262,equilibrium,,,9.091,99.28,True,858.3,879.4,True
methane,False,6000,200,0.5,56.549,40.6052,5.200652e+00,494.5716,6.759970e+07,0.41154,3126.01,2.095581e-02,8808.48,0.57389,0.54303,0.43283,0.21303,2.284515e+00,-0.6412,freezing,27.586,3349.3,9.707,198.56,True,873.7,895.2,True
methane,False,6000,200,0.2,141.372,40.6052,5.200652e+00,494.5716,6.759970e+07,0.41154,2880.44,7.993179e-03,9243.59,0.63199,0.55581,0.41677,0.18971,2.424053e-01,-1.6155,freezing,22.184,3424.0,10.255,496.41,False,884.0,905.7,True
methane,False,6000,200,0.1,282.743,40.6052,5.200652e+00,494.5716,6.759970e+07,0.41154,2715.94,3.876761e-03,9525.96,0.67119,0.56333,0.40444,0.17386,4.219978e-02,-2.3747,frozen,18.853,3482.2,10.530,992.82,False,889.9,911.8,True
methane,False,6000,200,0.05,565.487,40.6052,5.200652e+00,494.5716,6.759970e+07,0.41154,2564.32,1.888356e-03,9776.49,0.70695,0.56940,0.39186,0.15942,7.393569e-03,-3.1311,frozen,16.033,3542.4,10.725,1985.64,False,894.7,916.7,True
methane,False,6000,400,7,4.039,35.8416,2.302602e+00,242.2832,7.634026e+07,0.49969,4179.57,1.689405e-01,7141.74,0.33406,0.33406,0.26291,0.36831,7.338004e+02,1.8656,equilibrium,,,5.625,26.89,True,728.3,748.6,False
methane,False,6000,400,4,7.069,35.8416,2.302602e+00,242.2832,7.634026e+07,0.49969,3893.19,8.900864e-02,7746.07,0.39299,0.39299,0.31392,0.34282,1.700360e+02,1.2305,equilibrium,,,6.985,47.06,True,789.9,811.9,True
methane,False,6000,400,2,14.137,35.8416,2.302602e+00,242.2832,7.634026e+07,0.49969,3599.80,4.132894e-02,8341.23,0.45570,0.45570,0.36986,0.31487,2.900628e+01,0.4625,equilibrium,,,8.218,94.11,True,850.6,874.3,True
methane,False,6000,400,1,28.274,35.8416,2.302602e+00,242.2832,7.634026e+07,0.49969,3354.37,1.952993e-02,8825.47,0.51014,0.49383,0.39547,0.28991,5.209332e+00,-0.2832,freezing,19.991,3471.9,9.091,188.22,True,885.4,910.1,True
methane,False,6000,400,0.5,56.549,35.8416,2.302602e+00,242.2832,7.634026e+07,0.49969,3144.16,9.328684e-03,9232.71,0.55831,0.50378,0.38363,0.26731,9.173973e-01,-1.0374,freezing,16.995,3530.4,9.707,376.45,True,894.3,919.3,True
methane,False,6000,400,0.2,141.372,35.8416,2.302602e+00,242.2832,7.634026e+07,0.49969,2907.04,3.559430e-03,9685.18,0.61437,0.51290,0.36747,0.24038,1.032284e-01,-1.9862,freezing,13.704,3611.7,10.255,941.12,False,902.4,927.6,True
methane,False,6000,400,0.1,282.743,35.8416,2.302602e+00,242.2832,7.634026e+07,0.49969,2751.08,1.727133e-03,9978.81,0.65219,0.51763,0.35505,0.22191,1.898506e-02,-2.7216,frozen,11.672,3675.2,10.530,1882.24,False,906.5,931.8,True
methane,False,6000,400,0.05,565.487,35.8416,2.302602e+00,242.2832,7.634026e+07,0.49969,2610.74,8.410328e-04,10239.68,0.68674,0.52082,0.34236,0.20486,3.512594e-03,-3.4544,frozen,9.951,3741.2,10.725,3764.47,False,909.3,934.7,True
methane,False,8000,50,7,4.039,30.2710,1.563548e+01,2266.3262,8.993968e+07,0.54815,5083.36,1.176459e+00,8281.86,0.38131,0.38131,0.27275,0.39864,3.038363e+04,3.4826,equilibrium,,,5.625,2.81,True,844.5,872.4,False
methane,False,8000,50,4,7.069,30.2710,1.563548e+01,2266.3262,8.993968e+07,0.54815,4663.89,6.223763e-01,8943.19,0.44463,0.44463,0.32529,0.36984,7.164390e+03,2.8552,equilibrium,,,6.985,4.91,True,912.0,942.1,False
methane,False,8000,50,2,14.137,30.2710,1.563548e+01,2266.3262,8.993968e+07,0.54815,4245.56,2.903458e-01,9585.07,0.51075,0.51075,0.38256,0.33845,1.267045e+03,2.1028,equilibrium,,,8.218,9.82,True,977.4,1009.7,False
methane,False,8000,50,1,28.274,30.2710,1.563548e+01,2266.3262,8.993968e+07,0.54815,3904.81,1.378609e-01,10099.94,0.56710,0.56710,0.43340,0.31058,2.355256e+02,1.3720,equilibrium,,,9.091,19.64,True,1029.9,1063.9,True
methane,False,8000,50,0.5,56.549,30.2710,1.563548e+01,2266.3262,8.993968e+07,0.54815,3619.61,6.612064e-02,10527.95,0.61618,0.61618,0.47917,0.28549,4.373218e+01,0.6408,equilibrium,,,9.707,39.28,True,1073.6,1109.0,True
methane,False,8000,50,0.2,141.372,30.2710,1.563548e+01,2266.3262,8.993968e+07,0.54815,3305.37,2.532295e-02,10998.24,0.67246,0.65925,0.51221,0.25578,4.820231e+00,-0.3169,freezing,97.574,3425.1,10.255,98.20,True,1110.4,1147.1,True
methane,False,8000,50,0.1,282.743,30.2710,1.563548e+01,2266.3262,8.993968e+07,0.54815,3103.28,1.231740e-02,11300.31,0.70990,0.66743,0.50229,0.23549,8.942773e-01,-1.0485,freezing,82.490,3482.5,10.530,196.40,True,1117.3,1154.2,True
methane,False,8000,50,0.05,565.487,30.2710,1.563548e+01,2266.3262,8.993968e+07,0.54815,2924.83,6.016833e-03,11566.43,0.74373,0.67371,0.49217,0.21684,1.704950e-01,-1.7683,freezing,69.763,3541.9,10.725,392.81,True,1122.6,1159.6,True
methane,False,8000,100,7,4.039,27.0054,7.001351e+00,1126.5307,1.004271e+08,0.65654,5066.66,5.297094e-01,8702.37,0.37705,0.37705,0.27375,0.47681,9.944003e+03,2.9976,equilibrium,,,5.625,5.30,True,887.4,920.3,False
methane,False,8000,100,4,7.069,27.0054,7.001351e+00,1126.5307,1.004271e+08,0.65654,4649.46,2.805994e-01,9390.03,0.43899,0.43899,0.32468,0.44337,2.447843e+03,2.3888,equilibrium,,,6.985,9.27,True,957.5,993.0,False
methane,False,8000,100,2,14.137,27.0054,7.001351e+00,1126.5307,1.004271e+08,0.65654,4234.34,1.310009e-01,10056.84,0.50355,0.50355,0.37972,0.40724,4.453035e+02,1.6487,equilibrium,,,8.218,18.54,True,1025.5,1063.5,False
methane,False,8000,100,1,28.274,27.0054,7.001351e+00,1126.5307,1.004271e+08,0.65654,3897.07,6.222202e-02,10591.11,0.55847,0.55847,0.42824,0.37538,8.491182e+01,0.9290,equilibrium,,,9.091,37.09,True,1080.0,1120.0,True
methane,False,8000,100,0.5,56.549,27.0054,7.001351e+00,1126.5307,1.004271e+08,0.65654,3615.49,2.984397e-02,11034.86,0.60625,0.60625,0.47171,0.34684,1.575634e+01,0.1975,equilibrium,,,9.707,74.18,True,1125.2,1166.9,True
methane,False,8000,100,0.2,141.372,27.0054,7.001351e+00,1126.5307,1.004271e+08,0.65654,3306.42,1.143943e-02,11521.78,0.66094,0.62638,0.47141,0.31313,1.839846e+00,-0.7352,freezing,56.265,3617.3,10.255,185.45,True,1143.8,1186.1,True
methane,False,8000,100,0.1,282.743,27.0054,7.001351e+00,1126.5307,1.004271e+08,0.65654,3108.54,5.567760e-03,11834.38,0.69728,0.63258,0.46134,0.29015,3.505442e-01,-1.4553,freezing,47.622,3680.8,10.530,370.90,True,1149.4,1192.0,True
methane,False,8000,100,0.05,565.487,27.0054,7.001351e+00,1126.5307,1.004271e+08,0.65654,2934.67,2.719218e-03,12109.89,0.73013,0.63699,0.45106,0.26901,6.746868e-02,-2.1709,frozen,40.323,3746.8,10.725,741.79,False,1153.4,1196.1,True
methane,False,8000,200,7,4.039,24.3315,3.166439e+00,558.1892,1.110277e+08,0.76608,5038.60,2.407137e-01,9089.13,0.37203,0.37203,0.27281,0.55708,3.051642e+03,2.4845,equilibrium,,,5.625,10.08,True,926.8,964.9,False
methane,False,8000,200,4,7.069,24.3315,3.166439e+00,558.1892,1.110277e+08,0.76608,4621.48,1.275890e-01,9802.60,0.43273,0.43273,0.32236,0.51912,7.760040e+02,1.8899,equilibrium,,,6.985,17.63,True,999.6,1040.7,False
methane,False,8000,200,2,14.137,24.3315,3.166439e+00,558.1892,1.110277e+08,0.76608,4208.01,5.959628e-02,10493.57,0.49589,0.49589,0.37557,0.47836,1.453369e+02,1.1624,equilibrium,,,8.218,35.26,True,1070.0,1114.0,False
methane,False,8000,200,1,28.274,24.3315,3.166439e+00,558.1892,1.110277e+08,0.76608,3873.50,2.831266e-02,11046.62,0.54954,0.54954,0.42224,0.44261,2.842443e+01,0.4537,equilibrium,,,9.091,70.53,True,1126.4,1172.7,True
methane,False,8000,200,0.5,56.549,24.3315,3.166439e+00,558.1892,1.110277e+08,0.76608,3595.23,1.358160e-02,11505.56,0.59615,0.58244,0.44448,0.41070,5.316505e+00,-0.2744,freezing,40.563,3722.5,9.707,141.05,True,1159.7,1207.3,True
methane,False,8000,200,0.2,141.372,24.3315,3.166439e+00,558.1892,1.110277e+08,0.76608,3290.84,5.208506e-03,12008.71,0.64943,0.59156,0.43099,0.37313,6.404428e-01,-1.1935,freezing,32.514,3813.2,10.255,352.63,True,1168.7,1216.7,True
methane,False,8000,200,0.1,282.743,24.3315,3.166439e+00,558.1892,1.110277e+08,0.76608,3096.47,2.536225e-03,12331.56,0.68482,0.59605,0.42061,0.34757,1.264179e-01,-1.8982,freezing,27.560,3884.5,10.530,705.25,False,1173.1,1221.4,True
methane,False,8000,200,0.05,565.487,24.3315,3.166439e+00,558.1892,1.110277e+08,0.76608,2926.08,1.239143e-03,12616.08,0.71678,0.59630,0.40637,0.32407,2.486524e-02,-2.6044,frozen,22.129,3984.2,10.725,1410.51,False,1173.4,1221.6,True
methane,False,8000,400,7,4.039,22.3421,1.458878e+00,276.2759,1.204907e+08,0.86405,4996.47,1.115933e-01,9395.87,0.36635,0.36635,0.26928,0.63138,5.804762e+01,0.7638,equilibrium,,,5.625,19.29,True,958.1,1001.0,False
methane,False,8000,400,4,7.069,22.3421,1.458878e+00,276.2759,1.204907e+08,0.86405,4578.04,5.915430e-02,10131.58,0.42596,0.42596,0.31776,0.58949,4.387988e+01,0.6423,equilibrium,,,6.985,33.76,True,1033.1,1079.4,False
methane,False,8000,400,2,14.137,22.3421,1.458878e+00,276.2759,1.204907e+08,0.86405,4164.64,2.763671e-02,10843.34,0.48791,0.48791,0.36954,0.54475,3.102776e+01,0.4918,equilibrium,,,8.218,67.52,True,1105.7,1155.2,False
methane,False,8000,400,1,28.274,22.3421,1.458878e+00,276.2759,1.204907e+08,0.86405,3832.12,1.312936e-02,11412.48,0.54048,0.53709,0.41018,0.50565,8.850629e+00,-0.0530,freezing,26.246,3864.5,9.091,135.03,True,1160.1,1212.0,True
methane,False,8000,400,0.5,56.549,22.3421,1.458878e+00,276.2759,1.204907e+08,0.86405,3557.23,6.301970e-03,11884.15,0.58607,0.54549,0.39980,0.47082,1.711459e+00,-0.7666,freezing,22.263,3939.1,9.707,270.07,True,1169.1,1221.5,True
methane,False,8000,400,0.2,141.372,22.3421,1.458878e+00,276.2759,1.204907e+08,0.86405,3257.83,2.416068e-03,12401.33,0.63819,0.31267,0.05893,0.42990,2.069127e-01,-1.6842,freezing,1.000,7177.6,10.255,675.17,False,885.1,924.8,True
methane,False,8000,400,0.1,282.743,22.3421,1.458878e+00,276.2759,1.204907e+08,0.86405,3067.39,1.176890e-03,12732.97,0.67278,0.32364,0.05893,0.40209,4.247391e-02,-2.3719,frozen,1.000,7177.6,10.530,1350.33,False,900.5,940.8,True
methane,False,8000,400,0.05,565.487,22.3421,1.458878e+00,276.2759,1.204907e+08,0.86405,2900.75,5.751699e-04,13025.27,0.70403,0.33318,0.05893,0.37654,8.503750e-03,-3.0704,frozen,1.000,7177.6,10.725,2700.67,False,913.7,954.6,True
methane,False,10000,50,7,4.039,22.0838,1.154192e+01,2568.8215,1.218384e+08,0.79156,5788.96,9.034714e-01,10075.95,0.41664,0.41664,0.28034,0.56966,1.567108e+04,3.1951,equilibrium,,,5.625,2.19,True,1027.5,1074.0,False
methane,False,10000,50,4,7.069,22.0838,1.154192e+01,2568.8215,1.218384e+08,0.79156,5248.51,4.804001e-01,10826.03,0.48098,0.48098,0.33213,0.52866,8.908406e+03,2.9498,equilibrium,,,6.985,3.83,True,1103.9,1153.9,False
methane,False,10000,50,2,14.137,22.0838,1.154192e+01,2568.8215,1.218384e+08,0.79156,4722.12,2.252128e-01,11544.73,0.54696,0.54696,0.38735,0.48495,1.697490e+03,2.2298,equilibrium,,,8.218,7.66,True,1177.2,1230.5,False
methane,False,10000,50,1,28.274,22.0838,1.154192e+01,2568.8215,1.218384e+08,0.79156,4303.28,1.073282e-01,12114.27,0.60225,0.60225,0.43544,0.44689,3.311588e+02,1.5200,equilibrium,,,9.091,15.31,True,1235.3,1291.2,False
methane,False,10000,50,0.5,56.549,22.0838,1.154192e+01,2568.8215,1.218384e+08,0.79156,3960.30,5.167127e-02,12582.47,0.64971,0.64971,0.47811,0.41311,6.582373e+01,0.8184,equilibrium,,,9.707,30.62,True,1283.1,1341.2,True
methane,False,10000,50,0.2,141.372,22.0838,1.154192e+01,2568.8215,1.218384e+08,0.79156,3590.56,1.986820e-02,13091.85,0.70338,0.69841,0.52056,0.37360,7.784650e+00,-0.1088,freezing,122.322,3643.6,10.255,76.56,True,1330.3,1390.5,True
methane,False,10000,50,0.1,282.743,22.0838,1.154192e+01,2568.8215,1.218384e+08,0.79156,3357.82,9.691212e-03,13416.17,0.73866,0.70531,0.51165,0.34685,1.522804e+00,-0.8174,freezing,103.299,3708.0,10.530,153.12,True,1336.8,1397.4,True
methane,False,10000,50,0.05,565.487,22.0838,1.154192e+01,2568.8215,1.218384e+08,0.79156,3156.00,4.742846e-03,13700.31,0.77028,0.71030,0.50255,0.32237,3.002222e-01,-1.5226,freezing,87.260,3774.9,10.725,306.24,True,1341.6,1402.3,True
methane,False,10000,100,7,4.039,20.4805,5.370120e+00,1284.1843,1.309328e+08,0.88669,5708.75,4.252223e-01,10389.71,0.41222,0.41222,0.27554,0.64237,8.238950e+03,2.9159,equilibrium,,,5.625,4.16,True,1059.5,1111.2,False
methane,False,10000,100,4,7.069,20.4805,5.370120e+00,1284.1843,1.309328e+08,0.88669,5175.95,2.261286e-01,11158.45,0.47548,0.47548,0.32678,0.59693,2.632851e+03,2.4204,equilibrium,,,6.985,7.29,True,1137.8,1193.4,False
methane,False,10000,100,2,14.137,20.4805,5.370120e+00,1284.1843,1.309328e+08,0.88669,4657.07,1.060781e-01,11894.83,0.54030,0.54030,0.38104,0.54882,5.211260e+02,1.7169,equilibrium,,,8.218,14.57,True,1212.9,1272.2,False
methane,False,10000,100,1,28.274,20.4805,5.370120e+00,1284.1843,1.309328e+08,0.88669,4245.14,5.058965e-02,12478.24,0.59460,0.59460,0.42804,0.50715,1.067899e+02,1.0285,equilibrium,,,9.091,29.15,True,1272.4,1334.6,False
methane,False,10000,100,0.5,56.549,20.4805,5.370120e+00,1284.1843,1.309328e+08,0.88669,3908.55,2.434143e-02,12958.22,0.64123,0.64123,0.46960,0.47030,2.084491e+01,0.3190,equilibrium,,,9.707,58.30,True,1321.4,1385.9,True
methane,False,10000,100,0.2,141.372,20.4805,5.370120e+00,1284.1843,1.309328e+08,0.88669,3547.24,9.365558e-03,13479.85,0.69389,0.66670,0.47886,0.42729,2.589704e+00,-0.5867,freezing,66.738,3837.0,10.255,145.75,True,1347.4,1413.1,True
methane,False,10000,100,0.1,282.743,20.4805,5.370120e+00,1284.1843,1.309328e+08,0.88669,3320.33,4.570520e-03,13812.03,0.72851,0.67210,0.46947,0.39824,5.232732e-01,-1.2813,freezing,56.423,3909.5,10.530,291.49,True,1352.8,1418.9,True
methane,False,10000,100,0.05,565.487,20.4805,5.370120e+00,1284.1843,1.309328e+08,0.88669,3123.79,2.237666e-03,14103.14,0.75954,0.67344,0.45660,0.37167,1.050073e-01,-1.9788,freezing,45.133,4011.0,10.725,582.98,False,1354.2,1420.3,True
methane,False,10000,200,7,4.039,19.5591,2.569892e+00,641.6006,1.368005e+08,0.94654,5583.40,2.068552e-01,10537.42,0.40584,0.40584,0.26222,0.69834,2.868052e+03,2.4576,equilibrium,,,5.625,8.00,True,1074.5,1129.5,False
methane,False,10000,200,4,7.069,19.5591,2.569892e+00,641.6006,1.368005e+08,0.94654,5067.00,1.101475e-01,11314.20,0.46788,0.46788,0.31337,0.64993,7.921841e+02,1.8988,equilibrium,,,6.985,13.99,True,1153.7,1212.7,False
methane,False,10000,200,2,14.137,19.5591,2.569892e+00,641.6006,1.368005e+08,0.94654,4560.85,5.166990e-02,12060.97,0.53168,0.53168,0.36729,0.59888,1.611297e+02,1.2072,equilibrium,,,8.218,27.98,True,1229.9,1292.8,False
methane,False,10000,200,1,28.274,19.5591,2.569892e+00,641.6006,1.368005e+08,0.94654,4158.71,2.462290e-02,12653.54,0.58520,0.58520,0.41385,0.55482,3.280750e+01,0.5160,equilibrium,,,9.091,55.97,True,1290.3,1356.3,False
methane,False,10000,200,0.5,56.549,19.5591,2.569892e+00,641.6006,1.368005e+08,0.94654,3831.46,1.185469e-02,13140.73,0.63113,0.62269,0.44304,0.51590,6.629825e+00,-0.1785,freezing,45.870,3923.5,9.707,111.93,True,1331.0,1399.0,True
methane,False,10000,200,0.2,141.372,19.5591,2.569892e+00,641.6006,1.368005e+08,0.94654,3481.01,4.555776e-03,13671.14,0.68311,0.62906,0.42656,0.47053,8.024319e-01,-1.0956,freezing,34.735,4054.6,10.255,279.83,True,1337.8,1406.2,True
methane,False,10000,200,0.1,282.743,19.5591,2.569892e+00,641.6006,1.368005e+08,0.94654,3261.70,2.224141e-03,14008.77,0.71727,0.63304,0.41633,0.43988,1.687392e-01,-1.7728,freezing,29.417,4138.0,10.530,559.66,False,1342.0,1410.6,True
methane,False,10000,200,0.05,565.487,19.5591,2.569892e+00,641.6006,1.368005e+08,0.94654,3071.94,1.089215e-03,14304.92,0.74792,0.63275,0.40227,0.41184,3.511474e-02,-2.4545,frozen,23.590,4255.4,10.725,1119.32,False,1341.7,1410.3,True
methane,False,10000,400,7,4.039,19.1052,1.256577e+00,320.5776,1.398890e+08,0.97578,5424.54,1.033292e-01,10555.53,0.39824,0.39824,0.24277,0.73888,8.501194e+02,1.9295,equilibrium,,,5.625,15.57,True,1076.4,1132.7,False
methane,False,10000,400,4,7.069,19.1052,1.256577e+00,320.5776,1.398890e+08,0.97578,4930.80,5.499367e-02,11333.30,0.45909,0.45909,0.29414,0.68876,2.365040e+02,1.3738,equilibrium,,,6.985,27.24,True,1155.7,1216.2,False
methane,False,10000,400,2,14.137,19.1052,1.256577e+00,320.5776,1.398890e+08,0.97578,4442.38,2.578760e-02,12083.57,0.52189,0.52189,0.34812,0.63609,4.833476e+01,0.6843,equilibrium,,,8.218,54.49,True,1232.2,1296.7,False
methane,False,10000,400,1,28.274,19.1052,1.256577e+00,320.5776,1.398890e+08,0.97578,4053.00,1.228140e-02,12680.31,0.57471,0.57471,0.39463,0.59070,9.743850e+00,-0.0113,freezing,28.274,4053.0,9.091,108.98,True,1293.0,1360.7,False
methane,False,10000,400,0.5,56.549,19.1052,1.256577e+00,320.5776,1.398890e+08,0.97578,3737.08,5.915379e-03,13171.06,0.62005,0.58336,0.38431,0.55063,2.083054e+00,-0.6813,freezing,24.046,4136.5,9.707,217.95,True,1302.7,1370.9,True
methane,False,10000,400,0.2,141.372,19.1052,1.256577e+00,320.5776,1.398890e+08,0.97578,3399.84,2.273551e-03,13706.14,0.67145,0.58754,0.36609,0.50387,2.544564e-01,-1.5944,freezing,18.274,4288.0,10.255,544.88,False,1307.4,1375.8,True
methane,False,10000,400,0.1,282.743,19.1052,1.256577e+00,320.5776,1.398890e+08,0.97578,3189.13,1.108555e-03,14047.52,0.70532,0.58742,0.35088,0.47226,5.177031e-02,-2.2859,frozen,14.691,4418.2,10.530,1089.77,False,1307.3,1375.7,True
methane,False,10000,400,0.05,565.487,19.1052,1.256577e+00,320.5776,1.398890e+08,0.97578,3007.16,5.428346e-04,14346.99,0.73571,0.58821,0.33907,0.44331,1.086699e-02,-2.9639,frozen,12.484,4521.5,10.725,2179.54,False,1308.1,1376.6,True
methane,False,12000,50,7,4.039,18.7325,9.866260e+00,2890.6094,1.425312e+08,0.91727,6257.25,8.063050e-01,11330.36,0.45035,0.45035,0.26608,0.67320,3.232594e+04,3.5096,equilibrium,,,5.625,1.84,True,1155.4,1217.1,False
methane,False,12000,50,4,7.069,18.7325,9.866260e+00,2890.6094,1.425312e+08,0.91727,5627.66,4.306689e-01,12123.42,0.51560,0.51560,0.31982,0.62390,9.020372e+03,2.9552,equilibrium,,,6.985,3.22,True,1236.2,1302.2,False
methane,False,12000,50,2,14.137,18.7325,9.866260e+00,2890.6094,1.425312e+08,0.91727,5021.17,2.026709e-01,12879.25,0.58189,0.58189,0.37642,0.57199,1.811506e+03,2.2580,equilibrium,,,8.218,6.43,True,1313.3,1383.4,False
methane,False,12000,50,1,28.274,18.7325,9.866260e+00,2890.6094,1.425312e+08,0.91727,4544.41,9.683266e-02,13474.73,0.63694,0.63694,0.42510,0.52734,3.638382e+02,1.5609,equilibrium,,,9.091,12.86,True,1374.0,1447.4,False
methane,False,12000,50,0.5,56.549,18.7325,9.866260e+00,2890.6094,1.425312e+08,0.91727,4159.32,4.674335e-02,13961.13,0.68376,0.68376,0.46789,0.48809,7.577690e+01,0.8795,equilibrium,,,9.707,25.73,True,1423.6,1499.6,False
methane,False,12000,50,0.2,141.372,18.7325,9.866260e+00,2890.6094,1.425312e+08,0.91727,3750.00,1.802087e-02,14487.33,0.73627,0.73522,0.51594,0.44255,9.318946e+00,-0.0306,freezing,137.008,3762.3,10.255,64.32,True,1476.2,1555.0,True
methane,False,12000,50,0.1,282.743,18.7325,9.866260e+00,2890.6094,1.425312e+08,0.91727,3495.60,8.805937e-03,14820.64,0.77054,0.74175,0.50721,0.41193,1.875642e+00,-0.7268,freezing,115.627,3831.6,10.530,128.65,True,1482.8,1561.9,True
methane,False,12000,50,0.05,565.487,18.7325,9.866260e+00,2890.6094,1.425312e+08,0.91727,3277.01,4.316685e-03,15111.58,0.80109,0.74438,0.49526,0.38400,3.793524e-01,-1.4210,freezing,92.257,3928.6,10.725,257.30,True,1485.4,1564.7,True
methane,False,12000,100,7,4.039,18.1120,4.777989e+00,1448.1827,1.471592e+08,0.96069,6074.57,3.971290e-01,11435.92,0.44435,0.44435,0.24648,0.72390,9.602015e+03,2.9824,equilibrium,,,5.625,3.58,True,1166.1,1230.5,False
methane,False,12000,100,4,7.069,18.1120,4.777989e+00,1448.1827,1.471592e+08,0.96069,5474.03,2.120928e-01,12231.03,0.50829,0.50829,0.30068,0.67183,2.600675e+03,2.4151,equilibrium,,,6.985,6.26,True,1247.2,1316.1,False
methane,False,12000,100,2,14.137,18.1120,4.777989e+00,1448.1827,1.471592e+08,0.96069,4891.63,9.981144e-02,12991.43,0.57345,0.57345,0.35754,0.61720,5.347314e+02,1.7281,equilibrium,,,8.218,12.52,True,1324.8,1397.9,False
methane,False,12000,100,1,28.274,18.1120,4.777989e+00,1448.1827,1.471592e+08,0.96069,4432.44,4.773726e-02,13591.55,0.62765,0.62765,0.40629,0.57037,1.145544e+02,1.0590,equilibrium,,,9.091,25.05,True,1386.0,1462.5,False
methane,False,12000,100,0.5,56.549,18.1120,4.777989e+00,1448.1827,1.471592e+08,0.96069,4060.91,2.301658e-02,14083.42,0.67390,0.67390,0.44908,0.52927,2.298972e+01,0.3615,equilibrium,,,9.707,50.10,True,1436.1,1515.4,False
methane,False,12000,100,0.2,141.372,18.1120,4.777989e+00,1448.1827,1.471592e+08,0.96069,3667.26,8.877032e-03,14615.52,0.72579,0.70120,0.46190,0.48160,2.938834e+00,-0.5318,freezing,70.787,3955.5,10.255,125.25,True,1464.9,1545.8,True
methane,False,12000,100,0.1,282.743,18.1120,4.777989e+00,1448.1827,1.471592e+08,0.96069,3422.96,4.339207e-03,14953.01,0.75970,0.70641,0.45232,0.44954,6.161738e-01,-1.2103,freezing,59.812,4034.0,10.530,250.49,True,1470.3,1551.5,True
methane,False,12000,100,0.05,565.487,18.1120,4.777989e+00,1448.1827,1.471592e+08,0.96069,3213.13,2.127549e-03,15247.97,0.78996,0.70756,0.43917,0.42030,1.261413e-01,-1.8991,freezing,47.805,4144.2,10.725,500.98,False,1471.5,1552.8,True
methane,False,12000,200,7,4.039,17.7590,2.344878e+00,723.4630,1.499278e+08,0.98140,5869.62,1.974493e-01,11461.27,0.43808,0.43808,0.22223,0.76331,2.685468e+03,2.4290,equilibrium,,,5.625,7.09,True,1168.7,1234.5,False
methane,False,12000,200,4,7.069,17.7590,2.344878e+00,723.4630,1.499278e+08,0.98140,5303.67,1.055456e-01,12249.72,0.50043,0.50043,0.27696,0.70959,7.515941e+02,1.8760,equilibrium,,,6.985,12.41,True,1249.1,1319.5,False
methane,False,12000,200,2,14.137,17.7590,2.344878e+00,723.4630,1.499278e+08,0.98140,4748.94,4.971224e-02,13008.03,0.56430,0.56430,0.33429,0.65333,1.609397e+02,1.2067,equilibrium,,,8.218,24.83,True,1326.4,1401.1,False
methane,False,12000,200,1,28.274,17.7590,2.344878e+00,723.4630,1.499278e+08,0.98140,4307.98,2.375953e-02,13609.54,0.61770,0.61770,0.38334,0.60519,3.437619e+01,0.5363,equilibrium,,,9.091,49.65,True,1387.8,1465.9,False
methane,False,12000,200,0.5,56.549,17.7590,2.344878e+00,723.4630,1.499278e+08,0.98140,3951.35,1.146285e-02,14103.05,0.66331,0.65717,0.41721,0.56296,7.114326e+00,-0.1479,freezing,48.452,4024.6,9.707,99.30,True,1431.4,1512.1,True
methane,False,12000,200,0.2,141.372,17.7590,2.344878e+00,723.4630,1.499278e+08,0.98140,3573.81,4.415022e-03,14638.59,0.71464,0.66357,0.40007,0.51396,8.837474e-01,-1.0537,freezing,36.652,4165.6,10.255,248.26,True,1438.4,1519.4,True
methane,False,12000,200,0.1,282.743,17.7590,2.344878e+00,723.4630,1.499278e+08,0.98140,3340.24,2.158546e-03,14978.46,0.74821,0.66504,0.38578,0.48096,1.884967e-01,-1.7247,freezing,29.344,4286.7,10.530,496.52,False,1440.0,1521.1,True
methane,False,12000,200,0.05,565.487,17.7590,2.344878e+00,723.4630,1.499278e+08,0.98140,3139.75,1.058468e-03,15275.95,0.77822,0.66708,0.37472,0.45084,4.000913e-02,-2.3978,frozen,24.851,4382.7,10.725,993.03,False,1442.2,1523.4,True
methane,False,12000,400,7,4.039,17.5038,1.156487e+00,360.5201,1.519959e+08,0.99108,5661.21,9.784838e-02,11474.27,0.43310,0.43310,0.19681,0.79602,3.912724e+02,1.5925,equilibrium,,,5.625,14.23,True,1170.0,1236.9,False
methane,False,12000,400,4,7.069,17.5038,1.156487e+00,360.5201,1.519959e+08,0.99108,5131.60,5.238586e-02,12249.37,0.49359,0.49359,0.25195,0.74137,2.123817e+02,1.3271,equilibrium,,,6.985,24.90,True,1249.1,1320.4,False
methane,False,12000,400,2,14.137,17.5038,1.156487e+00,360.5201,1.519959e+08,0.99108,4604.97,2.468441e-02,13000.85,0.55601,0.55601,0.30974,0.68410,4.633761e+01,0.6659,equilibrium,,,8.218,49.79,True,1325.7,1401.5,False
methane,False,12000,400,1,28.274,17.5038,1.156487e+00,360.5201,1.519959e+08,0.99108,4181.69,1.179579e-02,13600.12,0.60845,0.60792,0.35829,0.63520,9.857103e+00,-0.0063,freezing,27.939,4188.0,9.091,99.58,True,1386.2,1465.4,False
methane,False,12000,400,0.5,56.549,17.5038,1.156487e+00,360.5201,1.519959e+08,0.99108,3838.90,5.692929e-03,14092.88,0.65334,0.61644,0.34707,0.59231,2.106503e+00,-0.6764,freezing,23.664,4281.7,9.707,199.16,True,1395.9,1475.7,True
methane,False,12000,400,0.2,141.372,17.5038,1.156487e+00,360.5201,1.519959e+08,0.99108,3477.01,2.192704e-03,14628.80,0.70397,0.62053,0.32761,0.54247,2.640272e-01,-1.5784,freezing,17.965,4448.0,10.255,497.91,False,1400.5,1480.5,True
methane,False,12000,400,0.1,282.743,17.5038,1.156487e+00,360.5201,1.519959e+08,0.99108,3253.73,1.071458e-03,14969.66,0.73716,0.62021,0.31131,0.50885,5.586174e-02,-2.2529,frozen,14.430,4590.8,10.530,995.81,False,1400.2,1480.2,True
methane,False,12000,400,0.05,565.487,17.5038,1.156487e+00,360.5201,1.519959e+08,0.99108,3062.44,5.254157e-04,15268.35,0.76687,0.61786,0.29428,0.47812,1.195302e-02,-2.9225,frozen,11.605,4742.8,10.725,1991.62,False,1397.5,1477.4,True
water,False,6000,50,7,4.039,104.4081,5.270406e+01,2172.2077,2.668200e+07,0.26223,4279.92,3.819183e+00,4495.55,0.37872,0.37872,0.33425,0.17458,1.742977e+04,3.2413,equilibrium,,,5.625,5.42,True,458.4,462.8,False
water,False,6000,50,4,7.069,104.4081,5.270406e+01,2172.2077,2.668200e+07,0.26223,3999.76,2.007464e+00,4887.59,0.44765,0.44765,0.40347,0.15643,4.625170e+03,2.6651,equilibrium,,,6.985,9.49,True,498.4,503.2,False
water,False,6000,50,2,14.137,104.4081,5.270406e+01,2172.2077,2.668200e+07,0.26223,3707.81,9.294757e-01,5276.81,0.52179,0.52179,0.48038,0.13626,9.208154e+02,1.9642,equilibrium,,,8.218,18.97,True,538.1,543.2,False
water,False,6000,50,1,28.274,104.4081,5.270406e+01,2172.2077,2.668200e+07,0.26223,3458.93,4.384011e-01,5595.65,0.58675,0.58675,0.54975,0.11807,1.920648e+02,1.2834,equilibrium,,,9.091,37.94,True,570.6,576.1,False
water,False,6000,50,0.5,56.549,104.4081,5.270406e+01,2172.2077,2.668200e+07,0.26223,3241.45,2.091244e-01,5865.33,0.64467,0.64467,0.61291,0.10151,4.031457e+01,0.6055,equilibrium,,,9.707,75.88,True,598.1,603.8,False
water,False,6000,50,0.2,141.372,104.4081,5.270406e+01,2172.2077,2.668200e+07,0.26223,2989.80,7.954726e-02,6166.78,0.71264,0.69753,0.65810,0.08174,4.999866e+00,-0.3010,freezing,96.731,3089.7,10.255,189.70,True,622.1,628.1,False
water,False,6000,50,0.1,282.743,104.4081,5.270406e+01,2172.2077,2.668200e+07,0.26223,2819.94,3.854332e-02,6362.99,0.75871,0.71090,0.64438,0.06821,1.037745e+00,-0.9839,freezing,81.870,3135.4,10.530,379.40,True,628.1,634.1,False
water,False,6000,50,0.05,565.487,104.4081,5.270406e+01,2172.2077,2.668200e+07,0.26223,2663.38,1.876451e-02,6537.48,0.80089,0.72002,0.62568,0.05580,2.182591e-01,-1.6610,freezing,65.583,3198.2,10.725,758.81,False,632.1,638.1,False
water,False,6000,100,7,4.039,89.8584,2.271460e+01,1043.8048,3.095477e+07,0.34921,4290.72,1.654029e+00,4736.18,0.36233,0.36233,0.30884,0.24136,3.983479e+03,2.6003,equilibrium,,,5.625,10.23,True,483.0,488.3,False
water,False,6000,100,4,7.069,89.8584,2.271460e+01,1043.8048,3.095477e+07,0.34921,4016.57,8.699583e-01,5145.91,0.42773,0.42773,0.37132,0.21954,1.075803e+03,2.0317,equilibrium,,,6.985,17.90,True,524.7,530.6,False
water,False,6000,100,2,14.137,89.8584,2.271460e+01,1043.8048,3.095477e+07,0.34921,3732.32,4.030896e-01,5552.24,0.49794,0.49794,0.44041,0.19541,2.190225e+02,1.3405,equilibrium,,,8.218,35.79,True,566.2,572.5,False
water,False,6000,100,1,28.274,89.8584,2.271460e+01,1043.8048,3.095477e+07,0.34921,3491.33,1.901906e-01,5884.97,0.55941,0.55941,0.50257,0.17371,4.676937e+01,0.6700,equilibrium,,,9.091,71.58,True,600.1,606.8,False
water,False,6000,100,0.5,56.549,89.8584,2.271460e+01,1043.8048,3.095477e+07,0.34921,3282.09,9.073111e-02,6166.40,0.61419,0.61368,0.55821,0.15396,9.880722e+00,-0.0052,freezing,55.917,3285.2,9.707,143.17,True,628.5,635.5,False
water,False,6000,100,0.2,141.372,89.8584,2.271460e+01,1043.8048,3.095477e+07,0.34921,3042.33,3.453808e-02,6480.95,0.67845,0.62901,0.54073,0.13033,1.304576e+00,-0.8845,freezing,44.847,3348.9,10.255,357.92,True,636.3,643.4,False
water,False,6000,100,0.1,282.743,89.8584,2.271460e+01,1043.8048,3.095477e+07,0.34921,2882.39,1.672896e-02,6686.02,0.72207,0.63556,0.52282,0.11407,2.755561e-01,-1.5598,freezing,35.998,3415.1,10.530,715.83,False,639.6,646.8,False
water,False,6000,100,0.05,565.487,89.8584,2.271460e+01,1043.8048,3.095477e+07,0.34921,2737.22,8.147191e-03,6868.50,0.76202,0.64017,0.50447,0.09900,6.096118e-02,-2.2149,frozen,28.922,3483.9,10.725,1431.66,False,642.0,649.1,False
water,False,6000,200,7,4.039,76.2662,9.658272e+00,502.8248,3.640015e+07,0.45946,4286.23,7.073175e-01,5027.73,0.34723,0.34723,0.28791,0.32717,8.493554e+02,1.9291,equilibrium,,,5.625,19.13,True,512.7,519.4,False
water,False,6000,200,4,7.069,76.2662,9.658272e+00,502.8248,3.640015e+07,0.45946,4016.19,3.723034e-01,5458.46,0.40927,0.40927,0.34493,0.30097,2.338247e+02,1.3689,equilibrium,,,6.985,33.47,True,556.6,563.9,False
water,False,6000,200,2,14.137,76.2662,9.658272e+00,502.8248,3.640015e+07,0.45946,3737.47,1.726529e-01,5884.98,0.47573,0.47573,0.40768,0.27214,4.867037e+01,0.6873,equilibrium,,,8.218,66.94,True,600.1,608.0,False
water,False,6000,200,1,28.274,76.2662,9.658272e+00,502.8248,3.640015e+07,0.45946,3502.15,8.149938e-02,6233.96,0.53382,0.53382,0.46389,0.24632,1.061176e+01,0.0258,equilibrium,,,9.091,133.88,True,635.7,644.0,False
water,False,6000,200,0.5,56.549,76.2662,9.658272e+00,502.8248,3.640015e+07,0.45946,3298.70,3.888472e-02,6528.97,0.58554,0.54328,0.44916,0.22289,2.237959e+00,-0.6501,freezing,23.426,3562.3,9.707,267.76,True,641.3,649.7,False
water,False,6000,200,0.2,141.372,76.2662,9.658272e+00,502.8248,3.640015e+07,0.45946,3066.97,1.481606e-02,6858.45,0.64613,0.55346,0.43171,0.19488,3.119035e-01,-1.5060,freezing,18.858,3635.0,10.255,669.41,False,647.3,655.8,False
water,False,6000,200,0.1,282.743,76.2662,9.658272e+00,502.8248,3.640015e+07,0.45946,2913.36,7.179722e-03,7073.31,0.68725,0.55608,0.41381,0.17561,6.728580e-02,-2.1721,frozen,15.201,3710.9,10.530,1338.82,False,648.8,657.3,False
water,False,6000,200,0.05,565.487,76.2662,9.658272e+00,502.8248,3.640015e+07,0.45946,2774.80,3.495518e-03,7264.68,0.72494,0.55692,0.39541,0.15773,1.498696e-02,-2.8243,frozen,12.270,3790.3,10.725,2677.65,False,649.3,657.8,False
water,False,6000,400,7,4.039,64.8237,4.113983e+00,243.6959,4.272776e+07,0.58691,4262.49,3.032622e-01,5346.50,0.33450,0.33450,0.27114,0.42778,1.713121e+02,1.2338,equilibrium,,,5.625,35.66,True,545.2,553.6,False
water,False,6000,400,4,7.069,64.8237,4.113983e+00,243.6959,4.272776e+07,0.58691,3995.29,1.597540e-01,5799.59,0.39360,0.39360,0.32403,0.39674,4.808733e+01,0.6820,equilibrium,,,6.985,62.41,True,591.4,600.5,False
water,False,6000,400,2,14.137,64.8237,4.113983e+00,243.6959,4.272776e+07,0.58691,3720.87,7.415289e-02,6247.55,0.45675,0.45675,0.38199,0.36272,1.028944e+01,0.0124,equilibrium,,,8.218,124.83,True,637.1,646.9,False
water,False,6000,400,1,28.274,64.8237,4.113983e+00,243.6959,4.272776e+07,0.58691,3490.12,3.501938e-02,6613.72,0.51186,0.46515,0.36694,0.33237,2.239178e+00,-0.6499,freezing,11.718,3790.0,9.091,249.65,True,642.9,652.8,False
water,False,6000,400,0.5,56.549,64.8237,4.113983e+00,243.6959,4.272776e+07,0.58691,3291.36,1.672128e-02,6922.95,0.56084,0.46910,0.34937,0.30491,4.879443e-01,-1.3116,freezing,9.476,3872.7,9.707,499.30,False,645.6,655.6,False
water,False,6000,400,0.2,141.372,64.8237,4.113983e+00,243.6959,4.272776e+07,0.58691,3065.71,6.373683e-03,7268.24,0.61819,0.47151,0.32668,0.27215,6.941445e-02,-2.1586,frozen,7.286,3981.9,10.255,1248.25,False,647.3,657.3,False
water,False,6000,400,0.1,282.743,64.8237,4.113983e+00,243.6959,4.272776e+07,0.58691,2916.73,3.090980e-03,7493.27,0.65706,0.47041,0.30792,0.24964,1.548410e-02,-2.8101,frozen,5.920,4074.5,10.530,2496.50,False,646.5,656.5,False
water,False,6000,400,0.05,565.487,64.8237,4.113983e+00,243.6959,4.272776e+07,0.58691,2782.68,1.504268e-03,7693.88,0.69271,0.47110,0.29347,0.22879,3.425805e-03,-3.4652,frozen,5.075,4147.2,10.725,4993.00,False,647.0,657.0,False
water,False,8000,50,7,4.039,56.3622,2.868109e+01,2340.8073,4.903057e+07,0.62288,5109.79,2.190127e+00,6170.82,0.38832,0.38832,0.28042,0.44821,5.958395e+03,2.7751,equilibrium,,,5.625,3.69,True,629.2,640.4,False
water,False,8000,50,4,7.069,56.3622,2.868109e+01,2340.8073,4.903057e+07,0.62288,4719.22,1.160651e+00,6655.93,0.45177,0.45177,0.33551,0.41389,1.779933e+03,2.2504,equilibrium,,,6.985,6.46,True,678.7,690.8,False
water,False,8000,50,2,14.137,56.3622,2.868109e+01,2340.8073,4.903057e+07,0.62288,4330.95,5.418520e-01,7128.70,0.51823,0.51823,0.39560,0.37647,4.018657e+02,1.6041,equilibrium,,,8.218,12.91,True,726.9,739.8,False
water,False,8000,50,1,28.274,56.3622,2.868109e+01,2340.8073,4.903057e+07,0.62288,4014.14,2.571992e-01,7509.99,0.57515,0.57515,0.44892,0.34326,9.319439e+01,0.9694,equilibrium,,,9.091,25.83,True,765.8,779.4,False
water,False,8000,50,0.5,56.549,56.3622,2.868109e+01,2340.8073,4.903057e+07,0.62288,3747.81,1.232906e-01,7828.62,0.62499,0.62499,0.49687,0.31339,2.073161e+01,0.3166,equilibrium,,,9.707,51.66,True,798.3,812.5,False
water,False,8000,50,0.2,141.372,56.3622,2.868109e+01,2340.8073,4.903057e+07,0.62288,3452.56,4.721952e-02,8180.66,0.68246,0.65285,0.50794,0.27799,3.055056e+00,-0.5150,freezing,67.037,3688.6,10.255,129.15,True,815.9,830.4,False
water,False,8000,50,0.1,282.743,56.3622,2.868109e+01,2340.8073,4.903057e+07,0.62288,3261.52,2.297303e-02,8408.06,0.72093,0.65915,0.49707,0.25380,7.044895e-01,-1.1521,freezing,56.722,3746.7,10.530,258.29,True,819.8,834.4,False
water,False,8000,50,0.05,565.487,56.3622,2.868109e+01,2340.8073,4.903057e+07,0.62288,3092.14,1.121409e-02,8609.46,0.75588,0.66133,0.48221,0.23151,1.595602e-01,-1.7971,freezing,45.422,3827.3,10.725,516.59,False,821.2,835.7,False
water,False,8000,100,7,4.039,50.2608,1.281520e+01,1162.8765,5.486650e+07,0.74211,5027.49,9.895506e-01,6473.62,0.38191,0.38191,0.27082,0.54113,1.184560e+02,1.0736,equilibrium,,,5.625,6.93,True,660.1,673.3,False
water,False,8000,100,4,7.069,50.2608,1.281520e+01,1162.8765,5.486650e+07,0.74211,4643.64,5.248759e-01,6975.03,0.44336,0.44336,0.32354,0.50201,8.954429e+01,0.9520,equilibrium,,,6.985,12.13,True,711.3,725.4,False
water,False,8000,100,2,14.137,50.2608,1.281520e+01,1162.8765,5.486650e+07,0.74211,4264.41,2.452797e-01,7463.08,0.50757,0.50757,0.38081,0.45951,6.331737e+01,0.8015,equilibrium,,,8.218,24.25,True,761.0,776.2,False
water,False,8000,100,1,28.274,50.2608,1.281520e+01,1162.8765,5.486650e+07,0.74211,3956.18,1.164596e-01,7856.60,0.56251,0.56251,0.43145,0.42193,2.026789e+01,0.3068,equilibrium,,,9.091,48.51,True,801.2,817.1,False
water,False,8000,100,0.5,56.549,50.2608,1.281520e+01,1162.8765,5.486650e+07,0.74211,3698.03,5.590523e-02,8185.06,0.61053,0.59158,0.44941,0.38819,4.768587e+00,-0.3216,freezing,36.881,3852.0,9.707,97.02,True,821.6,837.9,False
water,False,8000,100,0.2,141.372,50.2608,1.281520e+01,1162.8765,5.486650e+07,0.74211,3412.07,2.140124e-02,8548.46,0.66594,0.59452,0.42692,0.34837,6.873127e-01,-1.1628,freezing,26.494,3982.6,10.255,242.54,True,823.6,840.0,False
water,False,8000,100,0.1,282.743,50.2608,1.281520e+01,1162.8765,5.486650e+07,0.74211,3227.53,1.042050e-02,8783.00,0.70299,0.59559,0.41135,0.32117,1.647524e-01,-1.7832,freezing,21.277,4075.5,10.530,485.08,False,824.4,840.8,False
water,False,8000,100,0.05,565.487,50.2608,1.281520e+01,1162.8765,5.486650e+07,0.74211,3064.08,5.090138e-03,8990.83,0.73665,0.59495,0.39531,0.29613,3.843547e-02,-2.4153,frozen,17.107,4173.4,10.725,970.15,False,823.9,840.3,False
water,False,8000,200,7,4.039,46.1135,5.889189e+00,579.0785,5.969625e+07,0.84030,4912.27,4.605869e-01,6699.20,0.37590,0.37590,0.25913,0.62255,5.972464e+01,0.7762,equilibrium,,,5.625,13.15,True,683.1,697.9,False
water,False,8000,200,4,7.069,46.1135,5.889189e+00,579.0785,5.969625e+07,0.84030,4538.17,2.444742e-01,7211.12,0.43554,0.43554,0.31010,0.57972,4.514758e+01,0.6546,equilibrium,,,6.985,23.01,True,735.3,751.3,False
water,False,8000,200,2,14.137,46.1135,5.889189e+00,579.0785,5.969625e+07,0.84030,4170.99,1.143322e-01,7709.34,0.49780,0.49780,0.36542,0.53323,1.952325e+01,0.2906,equilibrium,,,8.218,46.02,True,786.1,803.2,False
water,False,8000,200,1,28.274,46.1135,5.889189e+00,579.0785,5.969625e+07,0.84030,3873.73,5.431472e-02,8111.26,0.55106,0.52677,0.38040,0.49218,4.574719e+00,-0.3396,freezing,17.341,4077.2,9.091,92.04,True,808.7,826.2,False
water,False,8000,200,0.5,56.549,46.1135,5.889189e+00,579.0785,5.969625e+07,0.84030,3625.37,2.609342e-02,8446.86,0.59760,0.53044,0.36444,0.45535,1.122384e+00,-0.9499,freezing,13.956,4176.9,9.707,184.08,True,811.5,829.1,False
water,False,8000,200,0.2,141.372,46.1135,5.889189e+00,579.0785,5.969625e+07,0.84030,3350.52,9.994727e-03,8818.58,0.65136,0.53229,0.34376,0.41190,1.633063e-01,-1.7870,freezing,10.660,4310.2,10.255,460.21,False,812.9,830.5,False
water,False,8000,200,0.1,282.743,46.1135,5.889189e+00,579.0785,5.969625e+07,0.84030,3173.10,4.863385e-03,9058.89,0.68734,0.33489,0.05353,0.38229,3.825407e-02,-2.4173,frozen,1.000,7064.1,10.530,920.42,False,644.8,658.8,False
water,False,8000,200,0.05,565.487,46.1135,5.889189e+00,579.0785,5.969625e+07,0.84030,3016.15,2.376926e-03,9271.77,0.72003,0.34429,0.05353,0.35500,9.189437e-03,-3.0367,frozen,1.000,7064.1,10.725,1840.84,False,653.8,668.0,False
water,False,8000,400,7,4.039,43.5821,2.786384e+00,288.8517,6.308579e+07,0.90891,4767.74,2.212362e-01,6830.27,0.36975,0.36975,0.24487,0.68634,1.897591e+01,0.2782,equilibrium,,,5.625,25.20,True,696.5,712.5,False
water,False,8000,400,4,7.069,43.5821,2.786384e+00,288.8517,6.308579e+07,0.90891,4407.40,1.174848e-01,7346.08,0.42771,0.42771,0.29456,0.64118,1.434444e+01,0.1567,equilibrium,,,6.985,44.10,True,749.1,766.3,False
water,False,8000,400,2,14.137,43.5821,2.786384e+00,288.8517,6.308579e+07,0.90891,4055.97,5.499017e-02,7848.53,0.48822,0.46128,0.31185,0.59210,4.510712e+00,-0.3458,freezing,8.738,4290.8,8.218,88.21,True,777.9,795.8,False
water,False,8000,400,1,28.274,43.5821,2.786384e+00,288.8517,6.308579e+07,0.90891,3772.44,2.615908e-02,8254.37,0.54001,0.28449,0.04815,0.54870,1.117363e+00,-0.9518,freezing,1.000,6937.6,9.091,176.42,True,610.9,625.0,False
water,False,8000,400,0.5,56.549,43.5821,2.786384e+00,288.8517,6.308579e+07,0.90891,3535.42,1.255753e-02,8594.34,0.58541,0.29848,0.04815,0.50980,2.646533e-01,-1.5773,freezing,1.000,6937.6,9.707,352.84,True,625.8,640.1,False
water,False,8000,400,0.2,141.372,43.5821,2.786384e+00,288.8517,6.308579e+07,0.90891,3273.46,4.814164e-03,8971.07,0.63786,0.31380,0.04815,0.46382,4.093604e-02,-2.3879,frozen,1.000,6937.6,10.255,882.09,False,641.6,656.4,False
water,False,8000,400,0.1,282.743,43.5821,2.786384e+00,288.8517,6.308579e+07,0.90891,3104.19,2.342748e-03,9215.13,0.67304,0.32367,0.04815,0.43248,9.546674e-03,-3.0201,frozen,1.000,6937.6,10.530,1764.18,False,651.6,666.6,False
water,False,8000,400,0.05,565.487,43.5821,2.786384e+00,288.8517,6.308579e+07,0.90891,2954.23,1.143812e-03,9431.76,0.70506,0.33239,0.04815,0.40363,2.226162e-03,-3.6524,frozen,1.000,6937.6,10.725,3528.35,False,660.4,675.5,False
water,False,10000,50,7,4.039,43.1275,2.206377e+01,2697.6867,6.373570e+07,0.83355,5578.41,1.773181e+00,7372.13,0.42636,0.42636,0.26323,0.61414,1.056576e+03,2.0239,equilibrium,,,5.625,2.89,True,751.7,769.2,False
water,False,10000,50,4,7.069,43.1275,2.206377e+01,2697.6867,6.373570e+07,0.83355,5092.84,9.461944e-01,7899.57,0.48955,0.48955,0.31666,0.56959,7.986965e+02,1.9024,equilibrium,,,6.985,5.05,True,805.5,824.2,False
water,False,10000,50,2,14.137,43.1275,2.206377e+01,2697.6867,6.373570e+07,0.83355,4627.44,4.445801e-01,8407.39,0.55451,0.55451,0.37455,0.52134,2.364704e+02,1.3738,equilibrium,,,8.218,10.10,True,857.3,877.2,False
water,False,10000,50,1,28.274,43.1275,2.206377e+01,2697.6867,6.373570e+07,0.83355,4258.80,2.120183e-01,8812.96,0.60930,0.60930,0.42550,0.47887,5.722457e+01,0.7576,equilibrium,,,9.091,20.20,True,898.7,919.5,False
water,False,10000,50,0.5,56.549,43.1275,2.206377e+01,2697.6867,6.373570e+07,0.83355,3956.06,1.021289e-01,9149.04,0.65666,0.65666,0.47101,0.44094,1.393301e+01,0.1440,equilibrium,,,9.707,40.40,True,932.9,954.6,False
water,False,10000,50,0.2,141.372,43.1275,2.206377e+01,2697.6867,6.373570e+07,0.83355,3626.62,3.923905e-02,9518.45,0.71075,0.67118,0.46506,0.39638,2.073909e+00,-0.6832,freezing,51.446,3994.1,10.255,100.99,True,943.2,965.1,False
water,False,10000,50,0.1,282.743,43.1275,2.206377e+01,2697.6867,6.373570e+07,0.83355,3417.12,1.915369e-02,9755.55,0.74660,0.67329,0.45074,0.36610,5.067625e-01,-1.2952,freezing,41.162,4087.8,10.530,201.98,True,944.7,966.6,False
water,False,10000,50,0.05,565.487,43.1275,2.206377e+01,2697.6867,6.373570e+07,0.83355,3233.50,9.377757e-03,9964.83,0.77898,0.67362,0.43597,0.33832,1.227526e-01,-1.9110,freezing,32.959,4186.8,10.725,403.96,False,944.9,966.8,False
water,False,10000,100,7,4.039,40.8661,1.046652e+01,1351.6277,6.717848e+07,0.90393,5400.12,8.547132e-01,7522.29,0.42115,0.42115,0.24875,0.67908,2.465840e+02,1.3920,equilibrium,,,5.625,5.54,True,767.1,785.8,False
water,False,10000,100,4,7.069,40.8661,1.046652e+01,1351.6277,6.717848e+07,0.90393,4934.34,4.563109e-01,8052.79,0.48265,0.48265,0.30108,0.63178,1.864000e+02,1.2704,equilibrium,,,6.985,9.69,True,821.2,841.3,False
water,False,10000,100,2,14.137,40.8661,1.046652e+01,1351.6277,6.717848e+07,0.90393,4490.62,2.145130e-01,8564.18,0.54590,0.54590,0.35778,0.58052,5.612924e+01,0.7492,equilibrium,,,8.218,19.38,True,873.3,894.7,False
water,False,10000,100,1,28.274,40.8661,1.046652e+01,1351.6277,6.717848e+07,0.90393,4140.06,1.023164e-01,8973.39,0.59931,0.59931,0.40768,0.53542,1.366791e+01,0.1357,equilibrium,,,9.091,38.76,True,915.0,937.4,False
water,False,10000,100,0.5,56.549,40.8661,1.046652e+01,1351.6277,6.717848e+07,0.90393,3852.53,4.932108e-02,9312.92,0.64552,0.61513,0.40792,0.49512,3.454100e+00,-0.4617,freezing,28.379,4138.3,9.707,77.51,True,927.0,949.7,False
water,False,10000,100,0.2,141.372,40.8661,1.046652e+01,1351.6277,6.717848e+07,0.90393,3539.50,1.896581e-02,9686.85,0.69840,0.61629,0.38485,0.44777,5.279686e-01,-1.2774,freezing,20.382,4296.2,10.255,193.78,True,927.9,950.6,False
water,False,10000,100,0.1,282.743,40.8661,1.046652e+01,1351.6277,6.717848e+07,0.90393,3340.00,9.248413e-03,9927.58,0.73354,0.61609,0.36882,0.41565,1.250733e-01,-1.9028,freezing,16.368,4409.9,10.530,387.56,True,927.8,950.5,False
water,False,10000,100,0.05,565.487,40.8661,1.046652e+01,1351.6277,6.717848e+07,0.90393,3165.12,4.527688e-03,10140.17,0.76530,0.61411,0.35226,0.38614,3.012951e-02,-2.5210,frozen,13.160,4531.2,10.725,775.12,False,926.3,948.9,False
water,False,10000,200,7,4.039,39.5461,5.068265e+00,676.4197,6.936545e+07,0.94787,5200.34,4.208677e-01,7588.61,0.41510,0.41510,0.23063,0.72926,5.260007e+01,0.7210,equilibrium,,,5.625,10.75,True,773.8,793.4,False
water,False,10000,200,4,7.069,39.5461,5.068265e+00,676.4197,6.936545e+07,0.94787,4758.38,2.247627e-01,8116.78,0.47489,0.47489,0.28213,0.68045,3.976192e+01,0.5995,equilibrium,,,6.985,18.80,True,827.7,848.6,False
water,False,10000,200,2,14.137,39.5461,5.068265e+00,676.4197,6.936545e+07,0.94787,4339.53,1.056942e-01,8627.21,0.53650,0.53650,0.33805,0.62744,1.357056e+01,0.1326,equilibrium,,,8.218,37.61,True,879.7,902.0,False
water,False,10000,200,1,28.274,39.5461,5.068265e+00,676.4197,6.936545e+07,0.94787,4009.49,5.049168e-02,9036.42,0.58860,0.55424,0.33802,0.58069,3.519402e+00,-0.4535,freezing,14.131,4339.7,9.091,75.22,True,894.2,916.8,False
water,False,10000,200,0.5,56.549,39.5461,5.068265e+00,676.4197,6.936545e+07,0.94787,3738.11,2.431400e-02,9377.56,0.63388,0.55720,0.32128,0.53892,8.543925e-01,-1.0683,freezing,11.371,4459.6,9.707,150.43,True,896.5,919.2,False
water,False,10000,200,0.2,141.372,39.5461,5.068265e+00,676.4197,6.936545e+07,0.94787,3442.64,9.355629e-03,9753.76,0.68576,0.37527,0.03728,0.48974,1.366261e-01,-1.8645,freezing,1.001,8232.9,10.255,376.08,True,735.8,754.4,False
water,False,10000,200,0.1,282.743,39.5461,5.068265e+00,676.4197,6.936545e+07,0.94787,3253.98,4.564333e-03,9996.52,0.72032,0.38529,0.03728,0.45633,3.305532e-02,-2.4808,frozen,1.001,8232.9,10.530,752.16,False,745.5,764.4,False
water,False,10000,200,0.05,565.487,39.5461,5.068265e+00,676.4197,6.936545e+07,0.94787,3088.20,2.233584e-03,10211.43,0.75162,0.39406,0.03728,0.42565,7.858898e-03,-3.1046,frozen,1.001,8232.9,10.725,1504.32,False,754.0,773.0,False
water,False,10000,400,7,4.039,38.8053,2.487830e+00,338.2133,7.065647e+07,0.97278,4991.78,2.099387e-01,7600.31,0.40877,0.28062,0.02776,0.76803,9.916756e+00,-0.0036,freezing,1.001,8038.9,5.625,21.08,True,642.1,658.7,False
water,False,10000,400,4,7.069,38.8053,2.487830e+00,338.2133,7.065647e+07,0.97278,4576.10,1.122622e-01,8121.60,0.46677,0.30299,0.02776,0.71862,7.496363e+00,-0.1251,freezing,1.001,8038.9,6.985,36.90,True,667.2,684.4,False
water,False,10000,400,2,14.137,38.8053,2.487830e+00,338.2133,7.065647e+07,0.97278,4183.68,5.285451e-02,8627.41,0.52672,0.32411,0.02776,0.66476,3.534191e+00,-0.4517,freezing,1.001,8038.9,8.218,73.79,True,690.1,707.9,False
water,False,10000,400,1,28.274,38.8053,2.487830e+00,338.2133,7.065647e+07,0.97278,3874.22,2.523537e-02,9034.99,0.57766,0.34074,0.02776,0.61717,9.050119e-01,-1.0433,freezing,1.001,8038.9,9.091,147.59,True,707.6,725.8,False
water,False,10000,400,0.5,56.549,38.8053,2.487830e+00,338.2133,7.065647e+07,0.97278,3619.72,1.215828e-02,9375.54,0.62203,0.35437,0.02776,0.57453,2.247632e-01,-1.6483,freezing,1.001,8038.9,9.707,295.17,True,721.6,740.2,False
water,False,10000,400,0.2,141.372,38.8053,2.487830e+00,338.2133,7.065647e+07,0.97278,3341.75,4.673367e-03,9752.64,0.67307,0.36919,0.02776,0.52429,3.483217e-02,-2.4580,frozen,1.001,8038.9,10.255,737.93,False,736.5,755.5,False
water,False,10000,400,0.1,282.743,38.8053,2.487830e+00,338.2133,7.065647e+07,0.97278,3164.00,2.280860e-03,9996.39,0.70714,0.37858,0.02776,0.49006,8.668786e-03,-3.0620,frozen,1.001,8038.9,10.530,1475.85,False,745.8,765.1,False
water,False,10000,400,0.05,565.487,38.8053,2.487830e+00,338.2133,7.065647e+07,0.97278,3007.47,1.116432e-03,10212.64,0.73806,0.38682,0.02776,0.45859,2.120204e-03,-3.6736,frozen,1.001,8038.9,10.725,2951.70,False,753.9,773.3,False
water,False,12000,50,7,4.039,37.8513,1.942563e+01,3046.9869,7.239149e+07,0.91854,5867.91,1.624253e+00,8195.85,0.46395,0.46395,0.23809,0.69985,5.850526e+02,1.7672,equilibrium,,,5.625,2.48,True,835.7,857.8,False
water,False,12000,50,4,7.069,37.8513,1.942563e+01,3046.9869,7.239149e+07,0.91854,5309.04,8.700343e-01,8738.09,0.52737,0.52737,0.29221,0.65013,4.422582e+02,1.6457,equilibrium,,,6.985,4.34,True,891.0,914.6,False
water,False,12000,50,2,14.137,37.8513,1.942563e+01,3046.9869,7.239149e+07,0.91854,4789.74,4.109050e-01,9255.31,0.59165,0.59165,0.35087,0.59625,1.714527e+02,1.2341,equilibrium,,,8.218,8.68,True,943.8,968.7,False
water,False,12000,50,1,28.274,37.8513,1.942563e+01,3046.9869,7.239149e+07,0.91854,4387.23,1.967492e-01,9666.20,0.64535,0.64535,0.40241,0.54891,4.440692e+01,0.6475,equilibrium,,,9.091,17.35,True,985.7,1011.7,False
water,False,12000,50,0.5,56.549,37.8513,1.942563e+01,3046.9869,7.239149e+07,0.91854,4061.48,9.502867e-02,10005.61,0.69146,0.69146,0.44832,0.50674,1.107642e+01,0.0444,equilibrium,,,9.707,34.71,True,1020.3,1047.2,False
water,False,12000,50,0.2,141.372,37.8513,1.942563e+01,3046.9869,7.239149e+07,0.91854,3711.50,3.662662e-02,10377.46,0.74381,0.70040,0.43491,0.45736,1.716839e+00,-0.7653,freezing,45.835,4153.5,10.255,86.77,True,1026.9,1054.0,False
water,False,12000,50,0.1,282.743,37.8513,1.942563e+01,3046.9869,7.239149e+07,0.91854,3491.05,1.791197e-02,10615.61,0.77835,0.70187,0.42018,0.42391,4.277527e-01,-1.3688,freezing,36.654,4257.5,10.530,173.53,True,1027.9,1055.1,False
water,False,12000,50,0.05,565.487,37.8513,1.942563e+01,3046.9869,7.239149e+07,0.91854,3299.05,8.784352e-03,10825.51,0.80943,0.69906,0.40108,0.39329,1.053057e-01,-1.9775,freezing,27.749,4396.8,10.725,347.07,True,1025.9,1053.0,False
water,False,12000,100,7,4.039,36.8147,9.453685e+00,1526.0028,7.437576e+07,0.95635,5630.42,8.005677e-01,8261.36,0.45882,0.45882,0.21763,0.74822,9.779290e+01,0.9903,equilibrium,,,5.625,4.86,True,842.4,865.3,False
water,False,12000,100,4,7.069,36.8147,9.453685e+00,1526.0028,7.437576e+07,0.95635,5103.40,4.297319e-01,8797.48,0.52030,0.52030,0.27110,0.69708,7.392448e+01,0.8688,equilibrium,,,6.985,8.50,True,897.1,921.5,False
water,False,12000,100,2,14.137,36.8147,9.453685e+00,1526.0028,7.437576e+07,0.95635,4615.55,2.030405e-01,9311.47,0.58288,0.58288,0.32922,0.64150,4.351826e+01,0.6387,equilibrium,,,8.218,17.00,True,949.5,975.3,False
water,False,12000,100,1,28.274,36.8147,9.453685e+00,1526.0028,7.437576e+07,0.95635,4237.81,9.718254e-02,9721.42,0.63533,0.63533,0.38036,0.59260,1.099279e+01,0.0411,equilibrium,,,9.091,34.00,True,991.3,1018.2,False
water,False,12000,100,0.5,56.549,36.8147,9.453685e+00,1526.0028,7.437576e+07,0.95635,3932.26,4.698059e-02,10060.74,0.68045,0.64268,0.36832,0.54896,2.885663e+00,-0.5398,freezing,23.838,4322.9,9.707,68.01,True,997.0,1024.1,False
water,False,12000,100,0.2,141.372,36.8147,9.453685e+00,1526.0028,7.437576e+07,0.95635,3603.20,1.811739e-02,10433.81,0.73185,0.64579,0.34809,0.49780,4.521487e-01,-1.3447,freezing,18.083,4471.1,10.255,170.02,True,999.4,1026.6,False
water,False,12000,100,0.1,282.743,36.8147,9.453685e+00,1526.0028,7.437576e+07,0.95635,3395.21,8.850968e-03,10673.66,0.76589,0.64227,0.32698,0.46315,1.094863e-01,-1.9606,freezing,13.741,4632.7,10.530,340.04,True,996.7,1023.8,False
water,False,12000,100,0.05,565.487,36.8147,9.453685e+00,1526.0028,7.437576e+07,0.95635,3213.85,4.339853e-03,10885.32,0.79656,0.45519,0.02776,0.43138,2.680434e-02,-2.5718,frozen,1.001,9634.1,10.725,680.08,False,839.1,861.9,False
water,False,12000,200,7,4.039,36.1822,4.647771e+00,762.5858,7.564110e+07,0.97742,5388.66,3.975446e-01,8284.30,0.45365,0.45365,0.19496,0.78687,1.311652e+01,0.1178,equilibrium,,,5.625,9.63,True,844.8,868.1,False
water,False,12000,200,4,7.069,36.1822,4.647771e+00,762.5858,7.564110e+07,0.97742,4894.07,2.137246e-01,8810.77,0.51314,0.36197,0.01816,0.73520,9.915158e+00,-0.0037,freezing,1.001,9487.4,6.985,16.86,True,754.6,775.4,False
water,False,12000,200,2,14.137,36.1822,4.647771e+00,762.5858,7.564110e+07,0.97742,4438.32,1.010329e-01,9318.16,0.57395,0.38480,0.01816,0.67881,7.011076e+00,-0.1542,freezing,1.001,9487.4,8.218,33.72,True,778.0,799.5,False
water,False,12000,200,1,28.274,36.1822,4.647771e+00,762.5858,7.564110e+07,0.97742,4085.88,4.839171e-02,9724.51,0.62510,0.40243,0.01816,0.62905,2.825891e+00,-0.5488,freezing,1.001,9487.4,9.091,67.44,True,795.6,817.6,False
water,False,12000,200,0.5,56.549,36.1822,4.647771e+00,762.5858,7.564110e+07,0.97742,3800.22,2.338901e-02,10062.34,0.66928,0.41666,0.01816,0.58457,7.326706e-01,-1.1351,freezing,1.001,9487.4,9.707,134.88,True,809.6,832.0,False
water,False,12000,200,0.2,141.372,36.1822,4.647771e+00,762.5858,7.564110e+07,0.97742,3491.98,9.023299e-03,10434.96,0.71977,0.43195,0.01816,0.53229,1.195231e-01,-1.9225,freezing,1.001,9487.4,10.255,337.19,True,824.3,847.1,False
water,False,12000,200,0.1,282.743,36.1822,4.647771e+00,762.5858,7.564110e+07,0.97742,3296.59,4.409404e-03,10675.28,0.75331,0.44159,0.01816,0.49682,2.908779e-02,-2.5363,frozen,1.001,9487.4,10.530,674.38,False,833.5,856.5,False
water,False,12000,200,0.05,565.487,36.1822,4.647771e+00,762.5858,7.564110e+07,0.97742,3125.70,2.160946e-03,10887.97,0.78362,0.44999,0.01816,0.46428,7.032721e-03,-3.1529,frozen,1.001,9487.4,10.725,1348.77,False,841.3,864.6,False
water,False,12000,400,7,4.039,35.7454,2.296590e+00,380.4032,7.654009e+07,0.98857,5152.02,1.974815e-01,8293.66,0.44934,0.34312,0.01031,0.81878,1.271785e+00,-0.8956,freezing,1.000,9422.6,5.625,19.29,True,739.0,759.7,False
water,False,12000,400,4,7.069,35.7454,2.296590e+00,380.4032,7.654009e+07,0.98857,4688.42,1.062997e-01,8807.75,0.50677,0.36622,0.01031,0.76720,9.613790e-01,-1.0171,freezing,1.000,9422.6,6.985,33.75,True,763.5,784.9,False
water,False,12000,400,2,14.137,35.7454,2.296590e+00,380.4032,7.654009e+07,0.98857,4263.76,5.029031e-02,9305.81,0.56570,0.38749,0.01031,0.71060,6.797976e-01,-1.1676,freezing,1.000,9422.6,8.218,67.50,True,785.4,807.3,False
water,False,12000,400,1,28.274,35.7454,2.296590e+00,380.4032,7.654009e+07,0.98857,3935.78,2.411158e-02,9706.54,0.61547,0.40390,0.01031,0.66048,4.806895e-01,-1.3181,freezing,1.000,9422.6,9.091,135.01,True,801.8,824.3,False
water,False,12000,400,0.5,56.549,35.7454,2.296590e+00,380.4032,7.654009e+07,0.98857,3669.27,1.165008e-02,10041.44,0.65868,0.41722,0.01031,0.61558,1.862148e-01,-1.7300,freezing,1.000,9422.6,9.707,270.01,True,814.9,837.7,False
water,False,12000,400,0.2,141.372,35.7454,2.296590e+00,380.4032,7.654009e+07,0.98857,3381.08,4.496016e-03,10412.10,0.70820,0.43153,0.01031,0.56266,3.079273e-02,-2.5116,frozen,1.000,9422.6,10.255,675.04,False,828.8,852.0,False
water,False,12000,400,0.1,282.743,35.7454,2.296590e+00,380.4032,7.654009e+07,0.98857,3197.83,2.197488e-03,10651.99,0.74121,0.44058,0.01031,0.52666,7.641192e-03,-3.1168,frozen,1.000,9422.6,10.530,1350.07,False,837.4,860.9,False
water,False,12000,400,0.05,565.487,35.7454,2.296590e+00,380.4032,7.654009e+07,0.98857,3037.14,1.077045e-03,10864.83,0.77113,0.44849,0.01031,0.49360,1.853378e-03,-3.7320,frozen,1.000,9422.6,10.725,2700.15,False,844.9,868.6,False
